results_code,version,area_code,season,period,species_code,species_id,years,year_start,year_end,trnd,lower_ci,upper_ci,index_type,stderr,model_type,model_fit,percent_change,percent_change_low,percent_change_high,prob_decrease_0,prob_decrease_25,prob_decrease_30,prob_decrease_50,prob_increase_0,prob_increase_33,prob_increase_100,suitability,precision_num,precision_cat,coverage_num,coverage_cat,sample_size,sample_size_units,prob_LD,prob_MD,prob_LC,prob_MI,prob_LI
NA,NA,NA,NA,NA,NA,NA,NA,NA,NA,NA,NA,NA,NA,NA,NA,NA,NA,NA,NA,NA,NA,NA,NA,NA,NA,NA,NA,NA,NA,NA,NA,NA,NA,NA,NA,NA,NA,NA
BCCWS_PSSS,2025,Combined Outer Coast,winter,all years,BAEA,3020,1999-2024,1999,2024,0.0476262132202511,-0.774875812024997,0.945670542739627,Slope Trend,0.0136558874651896,ALPHA SPATIAL iCAR,,1.14958665614355,,,,,,,,,,,1.72054635476462,High,,,46,Number of Sites,,,,,
BCCWS_PSSS,2025,Greater Vancouver,winter,all years,BAEA,3020,1999-2024,1999,2024,0.0751553299336584,-0.686798704727338,0.902800428125514,Slope Trend,0.0131165023980208,ALPHA SPATIAL iCAR,,1.82009333823105,,,,,,,,,,,1.58959913285285,High,,,90,Number of Sites,,,,,
BCCWS_PSSS,2025,Juan de Fuca,winter,all years,BAEA,3020,1999-2024,1999,2024,0.0283795817110348,-0.79653022955707,0.810878130337679,Slope Trend,0.0128897735026821,ALPHA SPATIAL iCAR,,0.68343479017714,,,,,,,,,,,1.60740835989475,High,,,83,Number of Sites,,,,,
BCCWS_PSSS,2025,Strait of Georgia,winter,all years,BAEA,3020,1999-2024,1999,2024,0.0596911981134223,-0.681560141765802,0.868167283489669,Slope Trend,0.0124378712078482,ALPHA SPATIAL iCAR,,1.44289948537608,,,,,,,,,,,1.54972742525547,High,,,119,Number of Sites,,,,,
BCCWS_PSSS,2025,BC,winter,all years,BAEA,3020,1999-2024,1999,2024,-0.190183682384335,-0.757234502680052,0.369587513950375,Slope Trend,0.0089088049971124,ALPHA SPATIAL iCAR,,-4.25628763703232,,,,,,,,,,,1.12682201663043,High,,,NA,Number of Sites,,,,,
BCCWS_PSSS,2025,Combined Outer Coast,winter,all years,HARD,750,1999-2024,1999,2024,2.09481774703433,0.211255544666178,3.92396393241784,Slope Trend,0.031135454694033,ALPHA SPATIAL iCAR,,65.3271842413111,,,,,,,,,,,3.71270838775166,Medium,,,24,Number of Sites,,,,,
BCCWS_PSSS,2025,Greater Vancouver,winter,all years,HARD,750,1999-2024,1999,2024,-7.51188530381791,-9.04194730730253,-5.79747688058274,Slope Trend,0.0258453595807291,ALPHA SPATIAL iCAR,,-83.5171950533509,,,,,,,,,,,3.24447042671979,High,,,37,Number of Sites,,,,,
BCCWS_PSSS,2025,Juan de Fuca,winter,all years,HARD,750,1999-2024,1999,2024,-2.66642657893693,-4.22622711056684,-1.09256663589584,Slope Trend,0.0257928193049835,ALPHA SPATIAL iCAR,,-47.2677191935741,,,,,,,,,,,3.133660474671,High,,,48,Number of Sites,,,,,
BCCWS_PSSS,2025,Strait of Georgia,winter,all years,HARD,750,1999-2024,1999,2024,-2.36663262495903,-3.89602215697052,-0.678901931015425,Slope Trend,0.0254764345316564,ALPHA SPATIAL iCAR,,-43.3337749000524,,,,,,,,,,,3.2171202259551,High,,,96,Number of Sites,,,,,
BCCWS_PSSS,2025,BC,winter,all years,HARD,750,1999-2024,1999,2024,-0.627908116070201,-1.90198167375447,0.637702206018712,Slope Trend,0.0209244697068331,ALPHA SPATIAL iCAR,,-12.9728266586003,,,,,,,,,,,2.53968387977318,High,,,NA,Number of Sites,,,,,
BCCWS_PSSS,2025,Combined Outer Coast,winter,all years,BEKI,9750,1999-2024,1999,2024,0.831488138924025,-0.436741942576501,2.14550943106968,Slope Trend,0.0208749922357568,ALPHA SPATIAL iCAR,,22.0861983779262,,,,,,,,,,,2.58225137364618,High,,,38,Number of Sites,,,,,
BCCWS_PSSS,2025,Greater Vancouver,winter,all years,BEKI,9750,1999-2024,1999,2024,-0.474004482297525,-1.78491252636717,0.824755944690052,Slope Trend,0.0208693202876748,ALPHA SPATIAL iCAR,,-10.752883658672,,,,,,,,,,,2.60966847105722,High,,,79,Number of Sites,,,,,
BCCWS_PSSS,2025,Juan de Fuca,winter,all years,BEKI,9750,1999-2024,1999,2024,0.305938902085652,-0.900085179046433,1.51386455794878,Slope Trend,0.0192437318119527,ALPHA SPATIAL iCAR,,7.6188181696432,,,,,,,,,,,2.41394973699521,High,,,77,Number of Sites,,,,,
BCCWS_PSSS,2025,Strait of Georgia,winter,all years,BEKI,9750,1999-2024,1999,2024,0.14294300121058,-1.03103061249505,1.30709088966694,Slope Trend,0.0191616505605611,ALPHA SPATIAL iCAR,,3.49015695290285,,,,,,,,,,,2.33812150216199,High,,,109,Number of Sites,,,,,
BCCWS_PSSS,2025,BC,winter,all years,BEKI,9750,1999-2024,1999,2024,0.289123680380583,-0.215119825441897,0.829792353662971,Slope Trend,0.00845537941782083,ALPHA SPATIAL iCAR,,7.38544774393781,,,,,,,,,,,1.04491217910487,High,,,NA,Number of Sites,,,,,
BCCWS_PSSS,2025,Combined Outer Coast,winter,all years,BLTU,4640,1999-2024,1999,2024,2.80010264677226,-0.604432889035888,6.2432925042296,Slope Trend,0.0552933852324169,ALPHA SPATIAL iCAR,,95.8197946412278,,,,,,,,,,,6.84772539326548,Low,,,25,Number of Sites,,,,,
BCCWS_PSSS,2025,Greater Vancouver,winter,all years,BLTU,4640,1999-2024,1999,2024,-3.47074344219022,-6.62982956240382,-0.110266989994682,Slope Trend,0.0553054259537644,ALPHA SPATIAL iCAR,,-56.5247522082234,,,,,,,,,,,6.51956257240914,Medium,,,18,Number of Sites,,,,,
BCCWS_PSSS,2025,Juan de Fuca,winter,all years,BLTU,4640,1999-2024,1999,2024,0.843324486603254,-2.00078443263054,3.65798046807285,Slope Trend,0.045791753160466,ALPHA SPATIAL iCAR,,22.4335045705937,,,,,,,,,,,5.65876490070339,Medium,,,45,Number of Sites,,,,,
BCCWS_PSSS,2025,Strait of Georgia,winter,all years,BLTU,4640,1999-2024,1999,2024,-0.346230171988619,-2.91822000313387,2.38299682471911,Slope Trend,0.0442142666973191,ALPHA SPATIAL iCAR,,-7.97365040245976,,,,,,,,,,,5.30121682785298,Medium,,,85,Number of Sites,,,,,
BCCWS_PSSS,2025,BC,winter,all years,BLTU,4640,1999-2024,1999,2024,0.376584943940058,-1.57388972641041,2.26023874503363,Slope Trend,0.0318760049230128,ALPHA SPATIAL iCAR,,12.5263775368389,,,,,,,,,,,3.83412847144404,Medium,,,NA,Number of Sites,,,,,
BCCWS_PSSS,2025,Combined Outer Coast,winter,all years,BRAC,2370,1999-2024,1999,2024,-0.533371166436806,-4.34646981990424,3.92600289362719,Slope Trend,0.067478962349451,ALPHA SPATIAL iCAR,,-12.015460983923,,,,,,,,,,,8.27247271353142,Low,,,19,Number of Sites,,,,,
BCCWS_PSSS,2025,Greater Vancouver,winter,all years,BRAC,2370,1999-2024,1999,2024,-1.76982605790717,-5.08221239570294,2.23563016553967,Slope Trend,0.0579114977334305,ALPHA SPATIAL iCAR,,-34.6072149467731,,,,,,,,,,,7.31784256124261,Low,,,32,Number of Sites,,,,,
BCCWS_PSSS,2025,Juan de Fuca,winter,all years,BRAC,2370,1999-2024,1999,2024,-2.66925023573065,-5.88227192857862,0.379485589843909,Slope Trend,0.0521139291141448,ALPHA SPATIAL iCAR,,-47.3034425748461,,,,,,,,,,,6.26175751842253,Medium,,,52,Number of Sites,,,,,
BCCWS_PSSS,2025,Strait of Georgia,winter,all years,BRAC,2370,1999-2024,1999,2024,-2.38545442681677,-5.68367380349582,0.729076577863405,Slope Trend,0.0513580390628483,ALPHA SPATIAL iCAR,,-43.5891721320369,,,,,,,,,,,6.41275038135922,Medium,,,63,Number of Sites,,,,,
BCCWS_PSSS,2025,BC,winter,all years,BRAC,2370,1999-2024,1999,2024,-2.69530533557646,-4.9745831491198,-0.239958283371343,Slope Trend,0.0370723920490892,ALPHA SPATIAL iCAR,,-45.9647733031704,,,,,,,,,,,4.73462486574846,Medium,,,NA,Number of Sites,,,,,
BCCWS_PSSS,2025,Combined Outer Coast,winter,all years,BUFF,820,1999-2024,1999,2024,1.95162560211392,0.784538214852663,3.17681586702968,Slope Trend,0.0193422055764135,ALPHA SPATIAL iCAR,,59.7420505965303,,,,,,,,,,,2.39227765217702,High,,,40,Number of Sites,,,,,
BCCWS_PSSS,2025,Greater Vancouver,winter,all years,BUFF,820,1999-2024,1999,2024,-0.0630649939674866,-1.10945626087288,0.986185226982832,Slope Trend,0.0171590885252906,ALPHA SPATIAL iCAR,,-1.50216310934981,,,,,,,,,,,2.09564148785572,High,,,89,Number of Sites,,,,,
BCCWS_PSSS,2025,Juan de Fuca,winter,all years,BUFF,820,1999-2024,1999,2024,0.60799994022689,-0.424143034294118,1.66453534875385,Slope Trend,0.0172768561278198,ALPHA SPATIAL iCAR,,15.7103599459398,,,,,,,,,,,2.08867838304797,High,,,83,Number of Sites,,,,,
BCCWS_PSSS,2025,Strait of Georgia,winter,all years,BUFF,820,1999-2024,1999,2024,-1.26081818415152,-2.33051544880409,-0.156510460583908,Slope Trend,0.0175136767423444,ALPHA SPATIAL iCAR,,-26.1102718414624,,,,,,,,,,,2.17400498822018,High,,,119,Number of Sites,,,,,
BCCWS_PSSS,2025,BC,winter,all years,BUFF,820,1999-2024,1999,2024,-0.0193044157258636,-0.659989214724178,0.639744695051265,Slope Trend,0.0104240593757895,ALPHA SPATIAL iCAR,,-0.162878061165742,,,,,,,,,,,1.29973390977544,High,,,NA,Number of Sites,,,,,
BCCWS_PSSS,2025,Combined Outer Coast,winter,all years,COME,880,1999-2024,1999,2024,1.39881274415058,-0.240012963979263,3.05225011776905,Slope Trend,0.0260448077393583,ALPHA SPATIAL iCAR,,39.8940351986617,,,,,,,,,,,3.29226308174831,High,,,41,Number of Sites,,,,,
BCCWS_PSSS,2025,Greater Vancouver,winter,all years,COME,880,1999-2024,1999,2024,2.21886089810441,0.686593643195665,3.85937235399228,Slope Trend,0.0247665229111299,ALPHA SPATIAL iCAR,,70.3230284779754,,,,,,,,,,,3.17277871079661,High,,,80,Number of Sites,,,,,
BCCWS_PSSS,2025,Juan de Fuca,winter,all years,COME,880,1999-2024,1999,2024,1.99553994968491,0.568121125085654,3.38645329740243,Slope Trend,0.0233592078742595,ALPHA SPATIAL iCAR,,61.4345462141918,,,,,,,,,,,2.81833217231677,High,,,76,Number of Sites,,,,,
BCCWS_PSSS,2025,Strait of Georgia,winter,all years,COME,880,1999-2024,1999,2024,0.450479702755347,-0.975584997084756,1.91749900098719,Slope Trend,0.0228324745567318,ALPHA SPATIAL iCAR,,11.4176011595416,,,,,,,,,,,2.89308399807195,High,,,113,Number of Sites,,,,,
BCCWS_PSSS,2025,BC,winter,all years,COME,880,1999-2024,1999,2024,0.86878888233119,0.0445167409038244,1.65647681792399,Slope Trend,0.0128700842299431,ALPHA SPATIAL iCAR,,23.6247268027894,,,,,,,,,,,1.61196007702016,High,,,NA,Number of Sites,,,,,
BCCWS_PSSS,2025,Combined Outer Coast,winter,all years,WWSC,45994,1999-2024,1999,2024,6.69835106535573,3.07452765147931,10.8775385922682,Slope Trend,0.0661253408577942,ALPHA SPATIAL iCAR,,399.084011686365,,,,,,,,,,,7.80301094078893,Low,,,26,Number of Sites,,,,,
BCCWS_PSSS,2025,Greater Vancouver,winter,all years,WWSC,45994,1999-2024,1999,2024,-3.68277385185638,-6.58699955036746,-0.640941122194272,Slope Trend,0.049227894755345,ALPHA SPATIAL iCAR,,-58.6817429527693,,,,,,,,,,,5.94605842817319,Medium,,,37,Number of Sites,,,,,
BCCWS_PSSS,2025,Juan de Fuca,winter,all years,WWSC,45994,1999-2024,1999,2024,-3.43359890002086,-6.50951881454855,-0.229686192327878,Slope Trend,0.0508355623801385,ALPHA SPATIAL iCAR,,-56.1354511754036,,,,,,,,,,,6.27983262222067,Medium,,,41,Number of Sites,,,,,
BCCWS_PSSS,2025,Strait of Georgia,winter,all years,WWSC,45994,1999-2024,1999,2024,-5.44789150730789,-8.12674505668745,-2.56670488145261,Slope Trend,0.0458583841239847,ALPHA SPATIAL iCAR,,-72.9502916260548,,,,,,,,,,,5.56004017523484,Medium,,,84,Number of Sites,,,,,
BCCWS_PSSS,2025,BC,winter,all years,WWSC,45994,1999-2024,1999,2024,-1.08620866994618,-3.20165086534701,1.09693256624254,Slope Trend,0.0343265114097385,ALPHA SPATIAL iCAR,,-20.4399838191236,,,,,,,,,,,4.29858343158955,Medium,,,NA,Number of Sites,,,,,
BCCWS_PSSS,2025,Combined Outer Coast,winter,all years,Large Gull,41291,1999-2024,1999,2024,0.709413681687184,-0.593357820545294,2.0995286680192,Slope Trend,0.0216295613335513,ALPHA SPATIAL iCAR,,18.5612221281424,,,,,,,,,,,2.69288648856449,High,,,47,Number of Sites,,,,,
BCCWS_PSSS,2025,Greater Vancouver,winter,all years,Large Gull,41291,1999-2024,1999,2024,-1.42080990957681,-2.55048665247737,-0.327662690191213,Slope Trend,0.018140420410175,ALPHA SPATIAL iCAR,,-28.8937094421376,,,,,,,,,,,2.22282396228616,High,,,97,Number of Sites,,,,,
BCCWS_PSSS,2025,Juan de Fuca,winter,all years,Large Gull,41291,1999-2024,1999,2024,-0.379865215036596,-1.49131914503176,0.72083067903191,Slope Trend,0.0176372590168716,ALPHA SPATIAL iCAR,,-8.71353451584081,,,,,,,,,,,2.21214982406367,High,,,85,Number of Sites,,,,,
BCCWS_PSSS,2025,Strait of Georgia,winter,all years,Large Gull,41291,1999-2024,1999,2024,-2.05853876946232,-3.14894185813078,-0.956598265541614,Slope Trend,0.0179687293902938,ALPHA SPATIAL iCAR,,-38.9849300930408,,,,,,,,,,,2.19234359258917,High,,,120,Number of Sites,,,,,
BCCWS_PSSS,2025,BC,winter,all years,Large Gull,41291,1999-2024,1999,2024,-1.94067641310291,-2.61483200027683,-1.23555765168578,Slope Trend,0.0109828276365281,ALPHA SPATIAL iCAR,,-37.3042368599939,,,,,,,,,,,1.37927434859105,High,,,NA,Number of Sites,,,,,
BCCWS_PSSS,2025,Combined Outer Coast,winter,all years,PALO,1550,1999-2024,1999,2024,-0.000311479692837346,-2.92793293225493,2.91558437829856,Slope Trend,0.0467583577836271,ALPHA SPATIAL iCAR,,-0.00747523321861232,,,,,,,,,,,5.84351731055349,Medium,,,29,Number of Sites,,,,,
BCCWS_PSSS,2025,Greater Vancouver,winter,all years,PALO,1550,1999-2024,1999,2024,-7.51179413647204,-10.2278316226814,-4.9824637663109,Slope Trend,0.042854248018122,ALPHA SPATIAL iCAR,,-83.5168344029463,,,,,,,,,,,5.24536785637046,Medium,,,43,Number of Sites,,,,,
BCCWS_PSSS,2025,Juan de Fuca,winter,all years,PALO,1550,1999-2024,1999,2024,-6.18682927869629,-8.80331571785073,-3.485684982633,Slope Trend,0.0409329742672834,ALPHA SPATIAL iCAR,,-77.3461195601915,,,,,,,,,,,5.31763073521774,Medium,,,61,Number of Sites,,,,,
BCCWS_PSSS,2025,Strait of Georgia,winter,all years,PALO,1550,1999-2024,1999,2024,2.60522907701663,-0.0559382298598623,5.34624472770871,Slope Trend,0.0437008726104843,ALPHA SPATIAL iCAR,,86.872238069043,,,,,,,,,,,5.40218295756857,Medium,,,93,Number of Sites,,,,,
BCCWS_PSSS,2025,BC,winter,all years,PALO,1550,1999-2024,1999,2024,0.171972672159092,-1.34429517882772,1.82630421631607,Slope Trend,0.0256091936674212,ALPHA SPATIAL iCAR,,6.10851921270008,,,,,,,,,,,3.1705993951438,High,,,NA,Number of Sites,,,,,
BCCWS_PSSS,2025,Combined Outer Coast,winter,all years,Canada-Cackling Goose,261,1999-2024,1999,2024,4.62379087084418,2.33862480854331,6.68800458956301,Slope Trend,0.0348261432616807,ALPHA SPATIAL iCAR,,203.347797869728,,,,,,,,,,,4.3493797810197,Medium,,,28,Number of Sites,,,,,
BCCWS_PSSS,2025,Greater Vancouver,winter,all years,Canada-Cackling Goose,261,1999-2024,1999,2024,0.486138715051602,-1.17621473131926,2.2056228226601,Slope Trend,0.0267626413317202,ALPHA SPATIAL iCAR,,12.3752230430981,,,,,,,,,,,3.38183755397936,High,,,91,Number of Sites,,,,,
BCCWS_PSSS,2025,Juan de Fuca,winter,all years,Canada-Cackling Goose,261,1999-2024,1999,2024,3.27210868498621,1.60607733683057,5.04558787902142,Slope Trend,0.0273346186751311,ALPHA SPATIAL iCAR,,119.307810500019,,,,,,,,,,,3.43951054219085,High,,,76,Number of Sites,,,,,
BCCWS_PSSS,2025,Strait of Georgia,winter,all years,Canada-Cackling Goose,261,1999-2024,1999,2024,1.50903984257195,-0.0397150811741867,3.05928614167607,Slope Trend,0.0252496439564933,ALPHA SPATIAL iCAR,,43.644248768488,,,,,,,,,,,3.09900122285026,High,,,103,Number of Sites,,,,,
BCCWS_PSSS,2025,BC,winter,all years,Canada-Cackling Goose,261,1999-2024,1999,2024,2.19458586449626,1.09219407072757,3.22902268791172,Slope Trend,0.0172517061555918,ALPHA SPATIAL iCAR,,69.6956440486493,,,,,,,,,,,2.13682861718415,High,,,NA,Number of Sites,,,,,
BCCWS_PSSS,2025,Combined Outer Coast,winter,all years,SUSC,770,1999-2024,1999,2024,3.35933620274432,1.20729072063584,5.70415001874176,Slope Trend,0.0361835783817956,ALPHA SPATIAL iCAR,,123.947326499384,,,,,,,,,,,4.49685929810592,Medium,,,37,Number of Sites,,,,,
BCCWS_PSSS,2025,Greater Vancouver,winter,all years,SUSC,770,1999-2024,1999,2024,-1.54908118829708,-3.37733103657843,0.397147544744242,Slope Trend,0.0300392726200753,ALPHA SPATIAL iCAR,,-31.049372789509,,,,,,,,,,,3.77447858132267,Medium,,,61,Number of Sites,,,,,
BCCWS_PSSS,2025,Juan de Fuca,winter,all years,SUSC,770,1999-2024,1999,2024,2.93761842223402,0.99901056898642,5.0140209498356,Slope Trend,0.0322337504643638,ALPHA SPATIAL iCAR,,102.390420616674,,,,,,,,,,,4.01501038084918,Medium,,,66,Number of Sites,,,,,
BCCWS_PSSS,2025,Strait of Georgia,winter,all years,SUSC,770,1999-2024,1999,2024,-3.27319766802564,-5.09421208632247,-1.50314336881729,Slope Trend,0.0280145138937092,ALPHA SPATIAL iCAR,,-54.413904550794,,,,,,,,,,,3.59106871750518,Medium,,,110,Number of Sites,,,,,
BCCWS_PSSS,2025,BC,winter,all years,SUSC,770,1999-2024,1999,2024,-1.49843871942446,-2.69059195479367,-0.337222117286983,Slope Trend,0.0191823768719959,ALPHA SPATIAL iCAR,,-29.6651263217851,,,,,,,,,,,2.35336983750669,High,,,NA,Number of Sites,,,,,
BCCWS_PSSS,2025,Combined Outer Coast,winter,all years,COLO,1560,1999-2024,1999,2024,2.54008476501083,1.1822703645734,3.78649635108527,Slope Trend,0.0212865988355194,ALPHA SPATIAL iCAR,,83.9732799849282,,,,,,,,,,,2.60422598651187,High,,,43,Number of Sites,,,,,
BCCWS_PSSS,2025,Greater Vancouver,winter,all years,COLO,1560,1999-2024,1999,2024,-4.46466753609885,-5.51435578572784,-3.3790623329949,Slope Trend,0.0172017794611035,ALPHA SPATIAL iCAR,,-65.7512530949736,,,,,,,,,,,2.13529345273293,High,,,69,Number of Sites,,,,,
BCCWS_PSSS,2025,Juan de Fuca,winter,all years,COLO,1560,1999-2024,1999,2024,-3.01715966463741,-4.08267127276807,-2.00001774968202,Slope Trend,0.0172672177540539,ALPHA SPATIAL iCAR,,-51.5248223220077,,,,,,,,,,,2.08265352308605,High,,,69,Number of Sites,,,,,
BCCWS_PSSS,2025,Strait of Georgia,winter,all years,COLO,1560,1999-2024,1999,2024,-0.901871752268704,-1.89117001186767,0.147364746077209,Slope Trend,0.0169370972846364,ALPHA SPATIAL iCAR,,-19.4626569691386,,,,,,,,,,,2.03853475794488,High,,,115,Number of Sites,,,,,
BCCWS_PSSS,2025,BC,winter,all years,COLO,1560,1999-2024,1999,2024,-1.07024226485615,-1.69732414881432,-0.430605073926343,Slope Trend,0.0102010096161058,ALPHA SPATIAL iCAR,,-22.5320641642114,,,,,,,,,,,1.26671907488798,High,,,NA,Number of Sites,,,,,
BCCWS_PSSS,2025,Combined Outer Coast,winter,all years,GBHE,2550,1999-2024,1999,2024,-2.64285868058457,-3.85230319013455,-1.51394505728898,Slope Trend,0.0187486715141284,ALPHA SPATIAL iCAR,,-46.9686046828647,,,,,,,,,,,2.33835813284558,High,,,40,Number of Sites,,,,,
BCCWS_PSSS,2025,Greater Vancouver,winter,all years,GBHE,2550,1999-2024,1999,2024,-0.0229267945760149,-0.937449604741198,0.969425448209479,Slope Trend,0.0153686314901195,ALPHA SPATIAL iCAR,,-0.548732005424324,,,,,,,,,,,1.90687505295068,High,,,92,Number of Sites,,,,,
BCCWS_PSSS,2025,Juan de Fuca,winter,all years,GBHE,2550,1999-2024,1999,2024,-0.425774168667289,-1.35433441218108,0.627816726966092,Slope Trend,0.016165909046679,ALPHA SPATIAL iCAR,,-9.71382160692666,,,,,,,,,,,1.98215113914718,High,,,79,Number of Sites,,,,,
BCCWS_PSSS,2025,Strait of Georgia,winter,all years,GBHE,2550,1999-2024,1999,2024,-1.15950018915812,-2.02632704329973,-0.272837406065045,Slope Trend,0.0145524475980801,ALPHA SPATIAL iCAR,,-24.2915226282521,,,,,,,,,,,1.75348963723468,High,,,114,Number of Sites,,,,,
BCCWS_PSSS,2025,BC,winter,all years,GBHE,2550,1999-2024,1999,2024,-1.47228634554868,-2.04096288248992,-0.861306684478716,Slope Trend,0.00963763924662576,ALPHA SPATIAL iCAR,,-29.765504338009,,,,,,,,,,,1.17965619801121,High,,,NA,Number of Sites,,,,,
BCCWS_PSSS,2025,Combined Outer Coast,winter,all years,HOME,870,1999-2024,1999,2024,-1.78484680981641,-3.65107488067639,0.103225813863672,Slope Trend,0.0308576128921697,ALPHA SPATIAL iCAR,,-34.8425302506184,,,,,,,,,,,3.75430069454006,Medium,,,32,Number of Sites,,,,,
BCCWS_PSSS,2025,Greater Vancouver,winter,all years,HOME,870,1999-2024,1999,2024,0.340149842274496,-1.83643469376686,2.37145116514092,Slope Trend,0.0329127299494849,ALPHA SPATIAL iCAR,,8.50607347413024,,,,,,,,,,,4.20788585890778,Medium,,,66,Number of Sites,,,,,
BCCWS_PSSS,2025,Juan de Fuca,winter,all years,HOME,870,1999-2024,1999,2024,-0.552617372478149,-2.32599923597795,1.32947581266279,Slope Trend,0.030670511460517,ALPHA SPATIAL iCAR,,-12.4209322648632,,,,,,,,,,,3.65547504864075,Medium,,,77,Number of Sites,,,,,
BCCWS_PSSS,2025,Strait of Georgia,winter,all years,HOME,870,1999-2024,1999,2024,-5.56742416476671,-7.34443302086717,-3.84467246655499,Slope Trend,0.0283285579919373,ALPHA SPATIAL iCAR,,-73.7152641058146,,,,,,,,,,,3.49976055431218,High,,,70,Number of Sites,,,,,
BCCWS_PSSS,2025,BC,winter,all years,HOME,870,1999-2024,1999,2024,-1.82489010099972,-2.88488416470048,-0.788031751145719,Slope Trend,0.0172940880399572,ALPHA SPATIAL iCAR,,-35.1746689427912,,,,,,,,,,,2.09685241355476,High,,,NA,Number of Sites,,,,,
BCCWS_PSSS,2025,Combined Outer Coast,winter,all years,WEGR,1641,1999-2024,1999,2024,-4.79330052591487,-7.90179550001174,-1.66726163408327,Slope Trend,0.0489128794164717,ALPHA SPATIAL iCAR,,-68.3487367859976,,,,,,,,,,,6.23453386592847,Medium,,,26,Number of Sites,,,,,
BCCWS_PSSS,2025,Greater Vancouver,winter,all years,WEGR,1641,1999-2024,1999,2024,-8.69862622656354,-11.2552449144846,-6.02981355402353,Slope Trend,0.0424499216177409,ALPHA SPATIAL iCAR,,-87.6024373647994,,,,,,,,,,,5.22543136046106,Medium,,,54,Number of Sites,,,,,
BCCWS_PSSS,2025,Juan de Fuca,winter,all years,WEGR,1641,1999-2024,1999,2024,-3.10538368806355,-5.64549141386349,-0.383063783355144,Slope Trend,0.0423817295524397,ALPHA SPATIAL iCAR,,-52.5404342643589,,,,,,,,,,,5.26242763050835,Medium,,,55,Number of Sites,,,,,
BCCWS_PSSS,2025,Strait of Georgia,winter,all years,WEGR,1641,1999-2024,1999,2024,-2.64646880646092,-5.21826826794958,-0.0605808259102955,Slope Trend,0.0425330317669491,ALPHA SPATIAL iCAR,,-47.0145327862417,,,,,,,,,,,5.15768744203929,Medium,,,91,Number of Sites,,,,,
BCCWS_PSSS,2025,BC,winter,all years,WEGR,1641,1999-2024,1999,2024,-5.26126032367444,-6.74840078984879,-3.79267074605262,Slope Trend,0.0240914378613309,ALPHA SPATIAL iCAR,,-72.1790847054153,,,,,,,,,,,2.95573004379617,High,,,NA,Number of Sites,,,,,
BCCWS_PSSS,2025,Combined Outer Coast,winter,all years,BAGO,840,1999-2024,1999,2024,9.07500636957981,5.68699581295844,12.4618034274678,Slope Trend,0.0555936792580454,ALPHA SPATIAL iCAR,,782.864482335834,,,,,,,,,,,6.77480761450937,Low,,,22,Number of Sites,,,,,
BCCWS_PSSS,2025,Greater Vancouver,winter,all years,BAGO,840,1999-2024,1999,2024,-2.14288559821626,-4.73904487061942,0.592492166097457,Slope Trend,0.0426986304032341,ALPHA SPATIAL iCAR,,-40.2076550187131,,,,,,,,,,,5.33153703671687,Medium,,,77,Number of Sites,,,,,
BCCWS_PSSS,2025,Juan de Fuca,winter,all years,BAGO,840,1999-2024,1999,2024,0.543367343280422,-1.95031649997783,3.12259473649832,Slope Trend,0.0416990816506717,ALPHA SPATIAL iCAR,,13.9293305111625,,,,,,,,,,,5.07291123647615,Medium,,,55,Number of Sites,,,,,
BCCWS_PSSS,2025,Strait of Georgia,winter,all years,BAGO,840,1999-2024,1999,2024,-3.42364594865473,-5.90893987582259,-0.855024645445478,Slope Trend,0.0402603528203714,ALPHA SPATIAL iCAR,,-56.0305463186571,,,,,,,,,,,5.05391523037711,Medium,,,103,Number of Sites,,,,,
BCCWS_PSSS,2025,BC,winter,all years,BAGO,840,1999-2024,1999,2024,0.603599616688774,-1.19273931133892,2.76087343234284,Slope Trend,0.0325266202781668,ALPHA SPATIAL iCAR,,18.9931439112649,,,,,,,,,,,3.95361274368176,Medium,,,NA,Number of Sites,,,,,
BCCWS_PSSS,2025,Combined Outer Coast,winter,all years,MAMU,5800,1999-2024,1999,2024,2.82951333328577,-0.136598140950893,6.12500200421011,Slope Trend,0.0499233523377335,ALPHA SPATIAL iCAR,,97.2068910393644,,,,,,,,,,,6.26160014516101,Medium,,,27,Number of Sites,,,,,
BCCWS_PSSS,2025,Greater Vancouver,winter,all years,MAMU,5800,1999-2024,1999,2024,2.66066698568028,-0.48283666357044,5.72174620307189,Slope Trend,0.0492256652489121,ALPHA SPATIAL iCAR,,89.3752057158496,,,,,,,,,,,6.20458286664233,Medium,,,20,Number of Sites,,,,,
BCCWS_PSSS,2025,Juan de Fuca,winter,all years,MAMU,5800,1999-2024,1999,2024,3.10466278598553,0.369755764436996,6.04338843796967,Slope Trend,0.0465624648388539,ALPHA SPATIAL iCAR,,110.669226102277,,,,,,,,,,,5.67363267353268,Medium,,,56,Number of Sites,,,,,
BCCWS_PSSS,2025,Strait of Georgia,winter,all years,MAMU,5800,1999-2024,1999,2024,-0.682094927798103,-3.6976325890186,2.51622975038303,Slope Trend,0.0502924390226452,ALPHA SPATIAL iCAR,,-15.1005679791642,,,,,,,,,,,6.21386233940163,Medium,,,59,Number of Sites,,,,,
BCCWS_PSSS,2025,BC,winter,all years,MAMU,5800,1999-2024,1999,2024,0.354678945146664,-1.36601648363635,1.99267127941471,Slope Trend,0.027569268379523,ALPHA SPATIAL iCAR,,11.1554438009345,,,,,,,,,,,3.35868776305106,High,,,NA,Number of Sites,,,,,
BCCWS_PSSS,2025,Combined Outer Coast,winter,all years,COGO,830,1999-2024,1999,2024,4.53627060793356,2.32661298743459,6.75764582213065,Slope Trend,0.0371521895760663,ALPHA SPATIAL iCAR,,197.042471984093,,,,,,,,,,,4.43103283469606,Medium,,,36,Number of Sites,,,,,
BCCWS_PSSS,2025,Greater Vancouver,winter,all years,COGO,830,1999-2024,1999,2024,0.0779231714091654,-2.06917676387757,2.09410572140345,Slope Trend,0.0328937446114435,ALPHA SPATIAL iCAR,,1.88775305888031,,,,,,,,,,,4.16328248528103,Medium,,,84,Number of Sites,,,,,
BCCWS_PSSS,2025,Juan de Fuca,winter,all years,COGO,830,1999-2024,1999,2024,-0.389064870728326,-2.33564002540716,1.57132109101643,Slope Trend,0.0313111652108391,ALPHA SPATIAL iCAR,,-8.91486514577949,,,,,,,,,,,3.9069611164236,Medium,,,77,Number of Sites,,,,,
BCCWS_PSSS,2025,Strait of Georgia,winter,all years,COGO,830,1999-2024,1999,2024,-1.2046265103602,-3.14969978535693,0.655722201032704,Slope Trend,0.031642663298775,ALPHA SPATIAL iCAR,,-25.1070452885427,,,,,,,,,,,3.80542198638963,Medium,,,113,Number of Sites,,,,,
BCCWS_PSSS,2025,BC,winter,all years,COGO,830,1999-2024,1999,2024,-0.18616301623044,-1.29569330850173,0.990533888229148,Slope Trend,0.01860629240503,ALPHA SPATIAL iCAR,,-3.44575712667573,,,,,,,,,,,2.28622719673088,High,,,NA,Number of Sites,,,,,
BCCWS_PSSS,2025,Combined Outer Coast,winter,all years,BLSC,791,1999-2024,1999,2024,-4.12540497348007,-9.48783075169631,1.87150280628747,Slope Trend,0.089857590759233,ALPHA SPATIAL iCAR,,-62.8459422112305,,,,,,,,,,,11.3593335579838,Low,,,16,Number of Sites,,,,,
BCCWS_PSSS,2025,Greater Vancouver,winter,all years,BLSC,791,1999-2024,1999,2024,-17.3097474842693,-21.9931499732717,-12.6437073749379,Slope Trend,0.073921321212968,ALPHA SPATIAL iCAR,,-98.4303843354166,,,,,,,,,,,9.34944259833381,Low,,,30,Number of Sites,,,,,
BCCWS_PSSS,2025,Juan de Fuca,winter,all years,BLSC,791,1999-2024,1999,2024,-13.699655892688,-18.4257334716284,-8.61859147085539,Slope Trend,0.0789698884769473,ALPHA SPATIAL iCAR,,-96.2668485423589,,,,,,,,,,,9.80714200077299,Low,,,14,Number of Sites,,,,,
BCCWS_PSSS,2025,Strait of Georgia,winter,all years,BLSC,791,1999-2024,1999,2024,-10.2198561653028,-14.3421572540876,-5.69187346612484,Slope Trend,0.0707627729417554,ALPHA SPATIAL iCAR,,-91.3944726982547,,,,,,,,,,,8.65028378796277,Low,,,71,Number of Sites,,,,,
BCCWS_PSSS,2025,BC,winter,all years,BLSC,791,1999-2024,1999,2024,-8.99672624744686,-12.1163606632255,-6.03103097713204,Slope Trend,0.0491763888864725,ALPHA SPATIAL iCAR,,-88.7274898577333,,,,,,,,,,,6.08532968609342,Medium,,,NA,Number of Sites,,,,,
BCCWS_PSSS,2025,Combined Outer Coast,winter,all years,RBME,890,1999-2024,1999,2024,1.04116092518293,-0.653792261492389,2.87281099673447,Slope Trend,0.0291617535305326,ALPHA SPATIAL iCAR,,28.3869573765226,,,,,,,,,,,3.52660325822686,Medium,,,29,Number of Sites,,,,,
BCCWS_PSSS,2025,Greater Vancouver,winter,all years,RBME,890,1999-2024,1999,2024,-0.153132779156442,-1.70356699760797,1.33804888989117,Slope Trend,0.0240597278614739,ALPHA SPATIAL iCAR,,-3.60847151288717,,,,,,,,,,,3.04161588749914,High,,,59,Number of Sites,,,,,
BCCWS_PSSS,2025,Juan de Fuca,winter,all years,RBME,890,1999-2024,1999,2024,0.443168446062355,-0.952089320166232,1.8838452102603,Slope Trend,0.0231634912667074,ALPHA SPATIAL iCAR,,11.2222679416893,,,,,,,,,,,2.83593453042653,High,,,72,Number of Sites,,,,,
BCCWS_PSSS,2025,Strait of Georgia,winter,all years,RBME,890,1999-2024,1999,2024,-0.141803702265235,-1.50710235356345,1.16734051759622,Slope Trend,0.0224407838788746,ALPHA SPATIAL iCAR,,-3.34602839688772,,,,,,,,,,,2.67444287115967,High,,,109,Number of Sites,,,,,
BCCWS_PSSS,2025,BC,winter,all years,RBME,890,1999-2024,1999,2024,0.540663590372933,-0.338500302796936,1.41891694228999,Slope Trend,0.0146444082470284,ALPHA SPATIAL iCAR,,14.4834295204692,,,,,,,,,,,1.75741724508693,High,,,NA,Number of Sites,,,,,
BCCWS_PSSS,2025,Combined Outer Coast,winter,all years,GRYE,4420,1999-2024,1999,2024,6.23332574716023,2.84082030827262,9.36673735800703,Slope Trend,0.0527091471937924,ALPHA SPATIAL iCAR,,346.37899926649,,,,,,,,,,,6.52591704973442,Medium,,,14,Number of Sites,,,,,
BCCWS_PSSS,2025,Greater Vancouver,winter,all years,GRYE,4420,1999-2024,1999,2024,-0.146281000386002,-2.69104073786926,2.41344196772487,Slope Trend,0.0420007448257756,ALPHA SPATIAL iCAR,,-3.4498322904838,,,,,,,,,,,5.10448270559413,Medium,,,28,Number of Sites,,,,,
BCCWS_PSSS,2025,Juan de Fuca,winter,all years,GRYE,4420,1999-2024,1999,2024,-0.134048913704812,-2.85457939743834,2.5983451032417,Slope Trend,0.0436436743487543,ALPHA SPATIAL iCAR,,-3.16597342708158,,,,,,,,,,,5.45292450068004,Medium,,,18,Number of Sites,,,,,
BCCWS_PSSS,2025,Strait of Georgia,winter,all years,GRYE,4420,1999-2024,1999,2024,0.292356680144738,-2.18707132570935,2.84204785056121,Slope Trend,0.0410230185070337,ALPHA SPATIAL iCAR,,7.26858067855893,,,,,,,,,,,5.02911917627056,Medium,,,45,Number of Sites,,,,,
BCCWS_PSSS,2025,BC,winter,all years,GRYE,4420,1999-2024,1999,2024,2.02168087356343,0.415286945951307,3.71069313929399,Slope Trend,0.0266611443530147,ALPHA SPATIAL iCAR,,64.7431173819136,,,,,,,,,,,3.29540619334269,High,,,NA,Number of Sites,,,,,
BCCWS_PSSS,2025,Combined Outer Coast,winter,all years,Greater-Lesser Scaup,695,1999-2024,1999,2024,-1.20811244438215,-4.51315960860939,2.13060977116132,Slope Trend,0.0547857970791284,ALPHA SPATIAL iCAR,,-25.1696763412835,,,,,,,,,,,6.64376937977071,Medium,,,25,Number of Sites,,,,,
BCCWS_PSSS,2025,Greater Vancouver,winter,all years,Greater-Lesser Scaup,695,1999-2024,1999,2024,-4.33758016020785,-7.05300256875533,-1.71652869873942,Slope Trend,0.0436748996128716,ALPHA SPATIAL iCAR,,-64.6905389113051,,,,,,,,,,,5.3364738700159,Medium,,,58,Number of Sites,,,,,
BCCWS_PSSS,2025,Juan de Fuca,winter,all years,Greater-Lesser Scaup,695,1999-2024,1999,2024,-3.76108485499666,-6.37961250082162,-1.00060413719943,Slope Trend,0.043495524002885,ALPHA SPATIAL iCAR,,-59.4510526551127,,,,,,,,,,,5.37900836362218,Medium,,,36,Number of Sites,,,,,
BCCWS_PSSS,2025,Strait of Georgia,winter,all years,Greater-Lesser Scaup,695,1999-2024,1999,2024,-3.9280731647224,-6.66899835920667,-1.31205974763783,Slope Trend,0.0427083889698815,ALPHA SPATIAL iCAR,,-61.0440069203083,,,,,,,,,,,5.35693861156885,Medium,,,74,Number of Sites,,,,,
BCCWS_PSSS,2025,BC,winter,all years,Greater-Lesser Scaup,695,1999-2024,1999,2024,-3.36755548657939,-5.0618800768162,-1.66904220887387,Slope Trend,0.0267819623867505,ALPHA SPATIAL iCAR,,-55.11030053217,,,,,,,,,,,3.39283786794233,High,,,NA,Number of Sites,,,,,
BCCWS_PSSS,2025,Combined Outer Coast,winter,all years,LTDU,810,1999-2024,1999,2024,-1.43337211983287,-5.03594560511488,2.06291906386338,Slope Trend,0.0557630859720499,ALPHA SPATIAL iCAR,,-29.1077671168944,,,,,,,,,,,7.09886466897826,Low,,,15,Number of Sites,,,,,
BCCWS_PSSS,2025,Greater Vancouver,winter,all years,LTDU,810,1999-2024,1999,2024,-6.94748430535116,-9.57481737271958,-4.52057324650165,Slope Trend,0.0415916117610575,ALPHA SPATIAL iCAR,,-81.1262144243204,,,,,,,,,,,5.05424412621793,Medium,,,28,Number of Sites,,,,,
BCCWS_PSSS,2025,Juan de Fuca,winter,all years,LTDU,810,1999-2024,1999,2024,-6.48489313366247,-9.13935671903757,-3.8719831053611,Slope Trend,0.0406126789783647,ALPHA SPATIAL iCAR,,-78.9100666565603,,,,,,,,,,,5.26737361367648,Medium,,,29,Number of Sites,,,,,
BCCWS_PSSS,2025,Strait of Georgia,winter,all years,LTDU,810,1999-2024,1999,2024,-6.11624670174868,-8.47741451536899,-3.75509780877838,Slope Trend,0.0389015983655522,ALPHA SPATIAL iCAR,,-76.9590981566441,,,,,,,,,,,4.72231670659062,Medium,,,58,Number of Sites,,,,,
BCCWS_PSSS,2025,BC,winter,all years,LTDU,810,1999-2024,1999,2024,-6.24526692364057,-7.82725996257643,-4.58380643546766,Slope Trend,0.0258586382021414,ALPHA SPATIAL iCAR,,-78.269713225218,,,,,,,,,,,3.24345352710877,High,,,NA,Number of Sites,,,,,
BCCWS_PSSS,2025,Combined Outer Coast,winter,all years,RNGR,1630,1999-2024,1999,2024,3.15776195651781,0.904660694678982,5.41736932531449,Slope Trend,0.0368857024077276,ALPHA SPATIAL iCAR,,113.371132493208,,,,,,,,,,,4.5127086306355,Medium,,,34,Number of Sites,,,,,
BCCWS_PSSS,2025,Greater Vancouver,winter,all years,RNGR,1630,1999-2024,1999,2024,-2.40241883268775,-4.41018840854548,-0.37212274885443,Slope Trend,0.0339963413531691,ALPHA SPATIAL iCAR,,-43.8183794944764,,,,,,,,,,,4.03806565969105,Medium,,,51,Number of Sites,,,,,
BCCWS_PSSS,2025,Juan de Fuca,winter,all years,RNGR,1630,1999-2024,1999,2024,3.90636853490187,1.68002641855827,6.11561481444433,Slope Trend,0.0362670125303949,ALPHA SPATIAL iCAR,,155.366210457046,,,,,,,,,,,4.43558839588606,Medium,,,60,Number of Sites,,,,,
BCCWS_PSSS,2025,Strait of Georgia,winter,all years,RNGR,1630,1999-2024,1999,2024,3.03567981283061,0.972342978804768,5.30026990895536,Slope Trend,0.0350699050244379,ALPHA SPATIAL iCAR,,107.210117964365,,,,,,,,,,,4.3279269301506,Medium,,,100,Number of Sites,,,,,
BCCWS_PSSS,2025,BC,winter,all years,RNGR,1630,1999-2024,1999,2024,1.93455546449817,0.646950472520356,3.27243378821332,Slope Trend,0.0213426703448824,ALPHA SPATIAL iCAR,,60.3103645726918,,,,,,,,,,,2.62548331569296,High,,,NA,Number of Sites,,,,,
BCCWS_PSSS,2025,Combined Outer Coast,winter,all years,RBGU,5150,1999-2024,1999,2024,-2.87892100541878,-7.60288314029156,1.96888329364482,Slope Trend,0.0777557782478055,ALPHA SPATIAL iCAR,,-49.8895712712397,,,,,,,,,,,9.57176643393638,Low,,,10,Number of Sites,,,,,
BCCWS_PSSS,2025,Greater Vancouver,winter,all years,RBGU,5150,1999-2024,1999,2024,-1.89239414425673,-6.11489139281194,2.68499814229424,Slope Trend,0.0715330177130069,ALPHA SPATIAL iCAR,,-36.5028139104437,,,,,,,,,,,8.79988953510618,Low,,,55,Number of Sites,,,,,
BCCWS_PSSS,2025,Juan de Fuca,winter,all years,RBGU,5150,1999-2024,1999,2024,-1.00538977491581,-5.39814566326684,4.31644621528746,Slope Trend,0.0778425332111048,ALPHA SPATIAL iCAR,,-21.438902040746,,,,,,,,,,,9.7145918785543,Low,,,13,Number of Sites,,,,,
BCCWS_PSSS,2025,Strait of Georgia,winter,all years,RBGU,5150,1999-2024,1999,2024,-1.79225902228808,-5.85373412942374,2.35403667330379,Slope Trend,0.0668069533587614,ALPHA SPATIAL iCAR,,-34.9583378555849,,,,,,,,,,,8.20777080272753,Low,,,57,Number of Sites,,,,,
BCCWS_PSSS,2025,BC,winter,all years,RBGU,5150,1999-2024,1999,2024,-2.74664189225968,-5.62453535229777,0.238395156891722,Slope Trend,0.0478346894283239,ALPHA SPATIAL iCAR,,-45.1906322206363,,,,,,,,,,,5.86293050918949,Medium,,,NA,Number of Sites,,,,,
BCCWS_PSSS,2025,Combined Outer Coast,winter,all years,SBIG,5142,1999-2024,1999,2024,0.479697746902504,-1.45947433963939,2.78988895725967,Slope Trend,0.0343285778781471,ALPHA SPATIAL iCAR,,12.201643983958,,,,,,,,,,,4.24936329689906,Medium,,,34,Number of Sites,,,,,
BCCWS_PSSS,2025,Greater Vancouver,winter,all years,SBIG,5142,1999-2024,1999,2024,-2.19593891212009,-3.66026042992357,-0.666085983047967,Slope Trend,0.0240788433785579,ALPHA SPATIAL iCAR,,-40.9641523268675,,,,,,,,,,,2.99417444687561,High,,,81,Number of Sites,,,,,
BCCWS_PSSS,2025,Juan de Fuca,winter,all years,SBIG,5142,1999-2024,1999,2024,-1.25870541371858,-2.69999755742721,0.263239002786281,Slope Trend,0.0225508531173764,ALPHA SPATIAL iCAR,,-26.0727954528763,,,,,,,,,,,2.96323656021349,High,,,77,Number of Sites,,,,,
BCCWS_PSSS,2025,Strait of Georgia,winter,all years,SBIG,5142,1999-2024,1999,2024,-1.7835541788568,-3.18201493167297,-0.454480254808081,Slope Trend,0.0223736401842501,ALPHA SPATIAL iCAR,,-34.8223132197659,,,,,,,,,,,2.72753467686489,High,,,113,Number of Sites,,,,,
BCCWS_PSSS,2025,BC,winter,all years,SBIG,5142,1999-2024,1999,2024,-1.3707960387257,-2.3046754717163,-0.476813302717257,Slope Trend,0.0142985573998885,ALPHA SPATIAL iCAR,,-27.7817346843895,,,,,,,,,,,1.82786216899905,High,,,NA,Number of Sites,,,,,
BCCWS_PSSS,2025,Combined Outer Coast,winter,all years,BBPL,4070,1999-2024,1999,2024,0.696025979647628,-4.4806692816655,6.42539890716648,Slope Trend,0.0875596804840175,ALPHA SPATIAL iCAR,,18.1808905116358,,,,,,,,,,,10.906068188832,Low,,,7,Number of Sites,,,,,
BCCWS_PSSS,2025,Greater Vancouver,winter,all years,BBPL,4070,1999-2024,1999,2024,-2.14733339998733,-7.36390843230805,2.89802399865963,Slope Trend,0.0817272972973082,ALPHA SPATIAL iCAR,,-40.2714476437184,,,,,,,,,,,10.2619324309677,Low,,,20,Number of Sites,,,,,
BCCWS_PSSS,2025,Juan de Fuca,winter,all years,BBPL,4070,1999-2024,1999,2024,1.98473370064203,-3.06881967946726,7.81492130306682,Slope Trend,0.0878773386705387,ALPHA SPATIAL iCAR,,61.0164082104516,,,,,,,,,,,10.8837409825341,Low,,,17,Number of Sites,,,,,
BCCWS_PSSS,2025,Strait of Georgia,winter,all years,BBPL,4070,1999-2024,1999,2024,-2.43605736424722,-7.21217635429865,2.15364747980004,Slope Trend,0.0761742080402164,ALPHA SPATIAL iCAR,,-44.2701216591643,,,,,,,,,,,9.36582383409869,Low,,,42,Number of Sites,,,,,
BCCWS_PSSS,2025,BC,winter,all years,BBPL,4070,1999-2024,1999,2024,-1.84441619729064,-5.26992233868406,1.9363646367932,Slope Trend,0.0566939282621068,ALPHA SPATIAL iCAR,,-29.7843067000891,,,,,,,,,,,7.20628697547726,Low,,,NA,Number of Sites,,,,,
BCCWS_PSSS,2025,Combined Outer Coast,winter,all years,Eared-Horned Grebe,41201,1999-2024,1999,2024,6.32470801213723,4.63373755181102,8.04108375992407,Slope Trend,0.0284609100030395,ALPHA SPATIAL iCAR,,356.277012626594,,,,,,,,,,,3.40734620811306,High,,,36,Number of Sites,,,,,
BCCWS_PSSS,2025,Greater Vancouver,winter,all years,Eared-Horned Grebe,41201,1999-2024,1999,2024,1.62600311231943,0.0578714403958886,3.12715118007968,Slope Trend,0.0243863663055212,ALPHA SPATIAL iCAR,,47.7336415319491,,,,,,,,,,,3.06927973968379,High,,,66,Number of Sites,,,,,
BCCWS_PSSS,2025,Juan de Fuca,winter,all years,Eared-Horned Grebe,41201,1999-2024,1999,2024,5.91188491326744,4.45700645574904,7.48141530137155,Slope Trend,0.0244709285805815,ALPHA SPATIAL iCAR,,313.237531803793,,,,,,,,,,,3.02440884562251,High,,,64,Number of Sites,,,,,
BCCWS_PSSS,2025,Strait of Georgia,winter,all years,Eared-Horned Grebe,41201,1999-2024,1999,2024,0.917383115377017,-0.459308705140116,2.31254446176438,Slope Trend,0.0231516135699003,ALPHA SPATIAL iCAR,,24.6291009025185,,,,,,,,,,,2.77185316690449,High,,,114,Number of Sites,,,,,
BCCWS_PSSS,2025,BC,winter,all years,Eared-Horned Grebe,41201,1999-2024,1999,2024,3.20385388049175,2.37356262292161,3.99751066640935,Slope Trend,0.0137587550354298,ALPHA SPATIAL iCAR,,114.202942883853,,,,,,,,,,,1.62394804348774,High,,,NA,Number of Sites,,,,,
BCCWS_PSSS,2025,Combined Outer Coast,winter,all years,BLOY,4270,1999-2024,1999,2024,12.0133469730055,8.65931286194485,15.8042062200058,Slope Trend,0.0565003007948497,ALPHA SPATIAL iCAR,,1687.14286626402,,,,,,,,,,,7.14489335806091,Low,,,14,Number of Sites,,,,,
BCCWS_PSSS,2025,Greater Vancouver,winter,all years,BLOY,4270,1999-2024,1999,2024,3.37623890943248,1.08307525411126,5.6586184124413,Slope Trend,0.037170982574643,ALPHA SPATIAL iCAR,,124.857647511307,,,,,,,,,,,4.57554315833004,Medium,,,30,Number of Sites,,,,,
BCCWS_PSSS,2025,Juan de Fuca,winter,all years,BLOY,4270,1999-2024,1999,2024,3.50944508975909,1.15517699334267,5.78961344106257,Slope Trend,0.0367386362943512,ALPHA SPATIAL iCAR,,132.162372314564,,,,,,,,,,,4.63443644771991,Medium,,,62,Number of Sites,,,,,
BCCWS_PSSS,2025,Strait of Georgia,winter,all years,BLOY,4270,1999-2024,1999,2024,3.92197411180008,1.85822501573251,6.29116975234125,Slope Trend,0.0357891709583348,ALPHA SPATIAL iCAR,,156.324436665927,,,,,,,,,,,4.43294473660874,Medium,,,95,Number of Sites,,,,,
BCCWS_PSSS,2025,BC,winter,all years,BLOY,4270,1999-2024,1999,2024,4.78166367332522,3.43228017817813,6.0962299433937,Slope Trend,0.0220432585309386,ALPHA SPATIAL iCAR,,210.584680915863,,,,,,,,,,,2.66394976521558,High,,,NA,Number of Sites,,,,,
BCCWS_PSSS,2025,Combined Outer Coast,winter,all years,BOGU,5080,1999-2024,1999,2024,8.72121838056438,3.6088057822602,14.2950885974832,Slope Trend,0.0868814749560204,ALPHA SPATIAL iCAR,,710.995574553867,,,,,,,,,,,10.686282815223,Low,,,12,Number of Sites,,,,,
BCCWS_PSSS,2025,Greater Vancouver,winter,all years,BOGU,5080,1999-2024,1999,2024,-1.86965772460633,-5.95223479006922,2.19975825551065,Slope Trend,0.0661249725654762,ALPHA SPATIAL iCAR,,-36.1553791611816,,,,,,,,,,,8.15199304557987,Low,,,35,Number of Sites,,,,,
BCCWS_PSSS,2025,Juan de Fuca,winter,all years,BOGU,5080,1999-2024,1999,2024,-2.72737155170368,-6.59002605558844,1.19026218091957,Slope Trend,0.0635569591116179,ALPHA SPATIAL iCAR,,-48.0334099226031,,,,,,,,,,,7.78028823650801,Low,,,50,Number of Sites,,,,,
BCCWS_PSSS,2025,Strait of Georgia,winter,all years,BOGU,5080,1999-2024,1999,2024,-4.44300586278016,-8.00971852605761,-0.467911762832692,Slope Trend,0.0616512361003771,ALPHA SPATIAL iCAR,,-65.5727370221345,,,,,,,,,,,7.54180676322491,Low,,,83,Number of Sites,,,,,
BCCWS_PSSS,2025,BC,winter,all years,BOGU,5080,1999-2024,1999,2024,-3.16773875661497,-5.67642181616927,-0.382582255850287,Slope Trend,0.0430659931684691,ALPHA SPATIAL iCAR,,-51.1872177078717,,,,,,,,,,,5.29383956031898,Medium,,,NA,Number of Sites,,,,,
BCCWS_PSSS,2025,Combined Outer Coast,winter,all years,BRAN,180,1999-2024,1999,2024,25.8885679984542,5.82086649378959,51.0556722724839,Slope Trend,0.370779263986222,ALPHA SPATIAL iCAR,,49832.456722411,,,,,,,,,,,45.2348057786943,Low,,,2,Number of Sites,,,,,
BCCWS_PSSS,2025,Greater Vancouver,winter,all years,BRAN,180,1999-2024,1999,2024,-1.54006694984929,-7.85881431872351,4.90368231366295,Slope Trend,0.103196665835679,ALPHA SPATIAL iCAR,,-30.900042340968,,,,,,,,,,,12.7624966323865,Low,,,17,Number of Sites,,,,,
BCCWS_PSSS,2025,Juan de Fuca,winter,all years,BRAN,180,1999-2024,1999,2024,6.0576475307389,-0.0867688600258361,12.6077535641937,Slope Trend,0.103635912696486,ALPHA SPATIAL iCAR,,327.949669210958,,,,,,,,,,,12.6945224242195,Low,,,19,Number of Sites,,,,,
BCCWS_PSSS,2025,Strait of Georgia,winter,all years,BRAN,180,1999-2024,1999,2024,-5.66334684608691,-11.0201407896724,-0.368155328398753,Slope Trend,0.087777303519642,ALPHA SPATIAL iCAR,,-74.3134645302855,,,,,,,,,,,10.6519854612737,Low,,,35,Number of Sites,,,,,
BCCWS_PSSS,2025,BC,winter,all years,BRAN,180,1999-2024,1999,2024,-0.97304574742916,-6.69109764657554,4.7749695019364,Slope Trend,0.0957220659726886,ALPHA SPATIAL iCAR,,1.59605484244386,,,,,,,,,,,11.4660671485119,Low,,,NA,Number of Sites,,,,,
BCCWS_PSSS,2025,Combined Outer Coast,winter,all years,DUNL,4820,1999-2024,1999,2024,-6.45086307258272,-12.3468931680839,-0.602606517336819,Slope Trend,0.0946391936437034,ALPHA SPATIAL iCAR,,-78.737115339902,,,,,,,,,,,11.7442866507471,Low,,,14,Number of Sites,,,,,
BCCWS_PSSS,2025,Greater Vancouver,winter,all years,DUNL,4820,1999-2024,1999,2024,-6.51490746816156,-11.8134152574395,-1.31611303647525,Slope Trend,0.0813465463212435,ALPHA SPATIAL iCAR,,-79.0614408697907,,,,,,,,,,,10.4973022209642,Low,,,27,Number of Sites,,,,,
BCCWS_PSSS,2025,Juan de Fuca,winter,all years,DUNL,4820,1999-2024,1999,2024,3.60155522876935,-2.23685093018769,9.59766146977293,Slope Trend,0.0955367765135006,ALPHA SPATIAL iCAR,,137.351802892622,,,,,,,,,,,11.8345123999606,Low,,,13,Number of Sites,,,,,
BCCWS_PSSS,2025,Strait of Georgia,winter,all years,DUNL,4820,1999-2024,1999,2024,-3.2134552855819,-7.7990899487601,1.8166883593748,Slope Trend,0.0751508352405972,ALPHA SPATIAL iCAR,,-53.7555749400609,,,,,,,,,,,9.6157783081349,Low,,,59,Number of Sites,,,,,
BCCWS_PSSS,2025,BC,winter,all years,DUNL,4820,1999-2024,1999,2024,-3.78030038696992,-7.83870272999237,-0.0338617232245006,Slope Trend,0.0626179039219021,ALPHA SPATIAL iCAR,,-55.396104779538,,,,,,,,,,,7.80484100676787,Low,,,NA,Number of Sites,,,,,
BCCWS_PSSS,2025,Combined Outer Coast,winter,all years,AMWI,420,1999-2024,1999,2024,2.21469003315245,0.136712930102084,4.29640141171029,Slope Trend,0.0334765690881861,ALPHA SPATIAL iCAR,,70.1526191387278,,,,,,,,,,,4.1596884816082,Medium,,,25,Number of Sites,,,,,
BCCWS_PSSS,2025,Greater Vancouver,winter,all years,AMWI,420,1999-2024,1999,2024,-2.1208251560213,-3.75228367560213,-0.591041479149254,Slope Trend,0.0256205468115362,ALPHA SPATIAL iCAR,,-39.8902445575239,,,,,,,,,,,3.16124219645287,High,,,77,Number of Sites,,,,,
BCCWS_PSSS,2025,Juan de Fuca,winter,all years,AMWI,420,1999-2024,1999,2024,-1.11212774700874,-2.77830143721009,0.409876061743046,Slope Trend,0.025105238969305,ALPHA SPATIAL iCAR,,-23.4258519696941,,,,,,,,,,,3.18817749895314,High,,,65,Number of Sites,,,,,
BCCWS_PSSS,2025,Strait of Georgia,winter,all years,AMWI,420,1999-2024,1999,2024,-0.712234542305045,-2.15807402219709,0.927767626779322,Slope Trend,0.0246377909080072,ALPHA SPATIAL iCAR,,-15.7124728784544,,,,,,,,,,,3.08584164897641,High,,,105,Number of Sites,,,,,
BCCWS_PSSS,2025,BC,winter,all years,AMWI,420,1999-2024,1999,2024,-1.34564236130741,-2.35732070517676,-0.0439229735071546,Slope Trend,0.01815057649299,ALPHA SPATIAL iCAR,,-27.0673302278919,,,,,,,,,,,2.3133977316696,High,,,NA,Number of Sites,,,,,
BCCWS_PSSS,2025,Combined Outer Coast,winter,all years,GADW,390,1999-2024,1999,2024,4.90769886702133,-1.39142140988225,10.6939798352186,Slope Trend,0.096963677037418,ALPHA SPATIAL iCAR,,224.73774368647,,,,,,,,,,,12.0854012451008,Low,,,8,Number of Sites,,,,,
BCCWS_PSSS,2025,Greater Vancouver,winter,all years,GADW,390,1999-2024,1999,2024,1.84617741641009,-3.80609802510617,6.91708623381434,Slope Trend,0.0890093671516755,ALPHA SPATIAL iCAR,,55.7500947363605,,,,,,,,,,,10.7231842589205,Low,,,31,Number of Sites,,,,,
BCCWS_PSSS,2025,Juan de Fuca,winter,all years,GADW,390,1999-2024,1999,2024,7.64383461633786,2.04354943319972,14.152597377123,Slope Trend,0.0959121190896244,ALPHA SPATIAL iCAR,,526.212953091533,,,,,,,,,,,12.1090479439233,Low,,,12,Number of Sites,,,,,
BCCWS_PSSS,2025,Strait of Georgia,winter,all years,GADW,390,1999-2024,1999,2024,7.51234905801055,2.31751843351474,13.5482704365078,Slope Trend,0.0897470566079977,ALPHA SPATIAL iCAR,,506.760384799518,,,,,,,,,,,11.230752002993,Low,,,20,Number of Sites,,,,,
BCCWS_PSSS,2025,BC,winter,all years,GADW,390,1999-2024,1999,2024,4.39201870728867,0.551923147981953,7.78352797921933,Slope Trend,0.0574224501027927,ALPHA SPATIAL iCAR,,204.478161356187,,,,,,,,,,,7.23160483123737,Low,,,NA,Number of Sites,,,,,
BCCWS_PSSS,2025,Combined Outer Coast,winter,all years,MALL,451,1999-2024,1999,2024,4.65637113860639,3.06639455239579,6.17567339843534,Slope Trend,0.0258278849187716,ALPHA SPATIAL iCAR,,205.729052160482,,,,,,,,,,,3.10927884603955,High,,,31,Number of Sites,,,,,
BCCWS_PSSS,2025,Greater Vancouver,winter,all years,MALL,451,1999-2024,1999,2024,-1.77215874374833,-3.05507766832011,-0.441948474598034,Slope Trend,0.0209098156603835,ALPHA SPATIAL iCAR,,-34.6438144985004,,,,,,,,,,,2.61312919372207,High,,,90,Number of Sites,,,,,
BCCWS_PSSS,2025,Juan de Fuca,winter,all years,MALL,451,1999-2024,1999,2024,-1.78833262198691,-3.11079641635546,-0.43073990749691,Slope Trend,0.0218234982914769,ALPHA SPATIAL iCAR,,-34.8970178636627,,,,,,,,,,,2.68005650885855,High,,,73,Number of Sites,,,,,
BCCWS_PSSS,2025,Strait of Georgia,winter,all years,MALL,451,1999-2024,1999,2024,2.04339375469717,0.792546312125717,3.31273343706641,Slope Trend,0.0210456421450747,ALPHA SPATIAL iCAR,,63.2992957113161,,,,,,,,,,,2.5201871249407,High,,,106,Number of Sites,,,,,
BCCWS_PSSS,2025,BC,winter,all years,MALL,451,1999-2024,1999,2024,1.50023275341358,0.494845956217474,2.54330422696407,Slope Trend,0.0158900537602262,ALPHA SPATIAL iCAR,,43.9267909888052,,,,,,,,,,,2.04845827074659,High,,,NA,Number of Sites,,,,,
BCCWS_PSSS,2025,Combined Outer Coast,winter,all years,EUWI,410,1999-2024,1999,2024,-0.490857795429219,-4.33902516666251,3.20958191678177,Slope Trend,0.0599219904063144,ALPHA SPATIAL iCAR,,-11.1131408876362,,,,,,,,,,,7.54860708344427,Low,,,11,Number of Sites,,,,,
BCCWS_PSSS,2025,Greater Vancouver,winter,all years,EUWI,410,1999-2024,1999,2024,-0.867366921638654,-3.96518335229882,2.30982578275163,Slope Trend,0.0515300541562483,ALPHA SPATIAL iCAR,,-18.7929452302264,,,,,,,,,,,6.27500913505046,Medium,,,36,Number of Sites,,,,,
BCCWS_PSSS,2025,Juan de Fuca,winter,all years,EUWI,410,1999-2024,1999,2024,2.17357248949295,-1.44981966132298,5.95987181065654,Slope Trend,0.0599033152131202,ALPHA SPATIAL iCAR,,68.4817749597517,,,,,,,,,,,7.40969147197952,Low,,,25,Number of Sites,,,,,
BCCWS_PSSS,2025,Strait of Georgia,winter,all years,EUWI,410,1999-2024,1999,2024,-0.389479136303856,-3.54698099081579,2.74334752138563,Slope Trend,0.0498400892975171,ALPHA SPATIAL iCAR,,-8.92392072019753,,,,,,,,,,,6.29032851220142,Medium,,,59,Number of Sites,,,,,
BCCWS_PSSS,2025,BC,winter,all years,EUWI,410,1999-2024,1999,2024,-2.36182685634241,-4.69799886578015,0.0542806566089108,Slope Trend,0.0378043091284222,ALPHA SPATIAL iCAR,,-41.2569716389241,,,,,,,,,,,4.75227952238906,Medium,,,NA,Number of Sites,,,,,
BCCWS_PSSS,2025,Combined Outer Coast,winter,all years,NOPI,30508,1999-2024,1999,2024,3.80494081088208,-0.121221822524406,8.25342979913856,Slope Trend,0.0685079839431122,ALPHA SPATIAL iCAR,,149.224969517547,,,,,,,,,,,8.37465162166297,Low,,,19,Number of Sites,,,,,
BCCWS_PSSS,2025,Greater Vancouver,winter,all years,NOPI,30508,1999-2024,1999,2024,-3.33403071530562,-6.40277988890952,0.233965330246879,Slope Trend,0.0525132381689359,ALPHA SPATIAL iCAR,,-55.074623453015,,,,,,,,,,,6.6367452191564,Medium,,,50,Number of Sites,,,,,
BCCWS_PSSS,2025,Juan de Fuca,winter,all years,NOPI,30508,1999-2024,1999,2024,-3.54290082104467,-6.92634175737366,0.139514406118607,Slope Trend,0.0553088399439885,ALPHA SPATIAL iCAR,,-57.271164834627,,,,,,,,,,,7.06585616349227,Low,,,19,Number of Sites,,,,,
BCCWS_PSSS,2025,Strait of Georgia,winter,all years,NOPI,30508,1999-2024,1999,2024,-1.73493254393697,-5.14310947189611,1.61930873877303,Slope Trend,0.0529985149675137,ALPHA SPATIAL iCAR,,-34.0572873176956,,,,,,,,,,,6.76241821066914,Low,,,54,Number of Sites,,,,,
BCCWS_PSSS,2025,BC,winter,all years,NOPI,30508,1999-2024,1999,2024,-2.92276656804895,-5.22503664649155,-0.221901636186095,Slope Trend,0.0398958691027866,ALPHA SPATIAL iCAR,,-48.5152734424448,,,,,,,,,,,5.00313501030546,Medium,,,NA,Number of Sites,,,,,
BCCWS_PSSS,2025,Combined Outer Coast,winter,all years,KILL,4210,1999-2024,1999,2024,4.12643882350586,1.64256424477053,6.79387854552823,Slope Trend,0.0411017308382935,ALPHA SPATIAL iCAR,,169.216396356535,,,,,,,,,,,5.1513143007577,Medium,,,22,Number of Sites,,,,,
BCCWS_PSSS,2025,Greater Vancouver,winter,all years,KILL,4210,1999-2024,1999,2024,1.31621086633216,-1.13589949234871,3.93539519134802,Slope Trend,0.0397887892081698,ALPHA SPATIAL iCAR,,37.1480218345596,,,,,,,,,,,5.07129468369672,Medium,,,44,Number of Sites,,,,,
BCCWS_PSSS,2025,Juan de Fuca,winter,all years,KILL,4210,1999-2024,1999,2024,2.94889183368187,0.739025700062654,5.05479175101913,Slope Trend,0.0351396524040938,ALPHA SPATIAL iCAR,,102.938753388219,,,,,,,,,,,4.31576605095648,Medium,,,40,Number of Sites,,,,,
BCCWS_PSSS,2025,Strait of Georgia,winter,all years,KILL,4210,1999-2024,1999,2024,3.9625648719529,1.92807675072639,6.14166335379324,Slope Trend,0.0344952313333385,ALPHA SPATIAL iCAR,,158.833696046095,,,,,,,,,,,4.21358660306685,Medium,,,79,Number of Sites,,,,,
BCCWS_PSSS,2025,BC,winter,all years,KILL,4210,1999-2024,1999,2024,3.63898812746086,2.40174576051704,4.90362647448674,Slope Trend,0.0198601717761544,ALPHA SPATIAL iCAR,,138.205821601438,,,,,,,,,,,2.5018807139697,High,,,NA,Number of Sites,,,,,
BCCWS_PSSS,2025,Combined Outer Coast,winter,all years,RNDU,660,1999-2024,1999,2024,-2.04616021239472,-9.97986040939579,5.27594054904049,Slope Trend,0.121817315829971,ALPHA SPATIAL iCAR,,-38.8033937216018,,,,,,,,,,,15.2558009584363,Low,,,3,Number of Sites,,,,,
BCCWS_PSSS,2025,Greater Vancouver,winter,all years,RNDU,660,1999-2024,1999,2024,1.09487617465119,-4.35171073462678,7.952945486536,Slope Trend,0.0993561107017716,ALPHA SPATIAL iCAR,,30.0527929850545,,,,,,,,,,,12.3046562211628,Low,,,16,Number of Sites,,,,,
BCCWS_PSSS,2025,Juan de Fuca,winter,all years,RNDU,660,1999-2024,1999,2024,0.0322097575896431,-5.77958157737743,7.14373577728556,Slope Trend,0.100402316625437,ALPHA SPATIAL iCAR,,0.776029805474243,,,,,,,,,,,12.923317354663,Low,,,6,Number of Sites,,,,,
BCCWS_PSSS,2025,Strait of Georgia,winter,all years,RNDU,660,1999-2024,1999,2024,-1.31139888575104,-7.40175446758262,4.36392221136668,Slope Trend,0.090422106110672,ALPHA SPATIAL iCAR,,-27.0018240822701,,,,,,,,,,,11.7656766789493,Low,,,10,Number of Sites,,,,,
BCCWS_PSSS,2025,BC,winter,all years,RNDU,660,1999-2024,1999,2024,-3.44896320106954,-8.72481122602814,1.86209751833136,Slope Trend,0.0857454711865695,ALPHA SPATIAL iCAR,,-46.7184242948213,,,,,,,,,,,10.5869087443595,Low,,,NA,Number of Sites,,,,,
BCCWS_PSSS,2025,Combined Outer Coast,winter,all years,PECO,2420,1999-2024,1999,2024,2.00073659322452,0.64562057405439,3.32011632756178,Slope Trend,0.0222354081876613,ALPHA SPATIAL iCAR,,61.636012091636,,,,,,,,,,,2.67449575350739,High,,,35,Number of Sites,,,,,
BCCWS_PSSS,2025,Greater Vancouver,winter,all years,PECO,2420,1999-2024,1999,2024,1.62031519120562,0.522144256581831,2.7299318167487,Slope Trend,0.0179021000369421,ALPHA SPATIAL iCAR,,47.53210776849,,,,,,,,,,,2.20778756016686,High,,,67,Number of Sites,,,,,
BCCWS_PSSS,2025,Juan de Fuca,winter,all years,PECO,2420,1999-2024,1999,2024,1.81149591897732,0.75348624557306,2.90634379722416,Slope Trend,0.0175821162899497,ALPHA SPATIAL iCAR,,54.4590799465407,,,,,,,,,,,2.1528575516511,High,,,69,Number of Sites,,,,,
BCCWS_PSSS,2025,Strait of Georgia,winter,all years,PECO,2420,1999-2024,1999,2024,-2.68127196335718,-3.69625956702455,-1.64906741136087,Slope Trend,0.0165052254913035,ALPHA SPATIAL iCAR,,-47.4552643288068,,,,,,,,,,,2.04719215566368,High,,,102,Number of Sites,,,,,
BCCWS_PSSS,2025,BC,winter,all years,PECO,2420,1999-2024,1999,2024,0.45325671961094,-0.195073291701361,1.11639452900655,Slope Trend,0.0110783380649369,ALPHA SPATIAL iCAR,,11.8389072099125,,,,,,,,,,,1.31146782070791,High,,,NA,Number of Sites,,,,,
BCCWS_PSSS,2025,Combined Outer Coast,winter,all years,DCCO,2390,1999-2024,1999,2024,-1.73044719155,-3.15541784347234,-0.438508356819414,Slope Trend,0.0215995051664882,ALPHA SPATIAL iCAR,,-33.9862627832506,,,,,,,,,,,2.71690948665293,High,,,33,Number of Sites,,,,,
BCCWS_PSSS,2025,Greater Vancouver,winter,all years,DCCO,2390,1999-2024,1999,2024,-1.23970727816785,-2.34019327349164,0.0112971653501036,Slope Trend,0.019571567797316,ALPHA SPATIAL iCAR,,-25.734950855394,,,,,,,,,,,2.35149043884175,High,,,88,Number of Sites,,,,,
BCCWS_PSSS,2025,Juan de Fuca,winter,all years,DCCO,2390,1999-2024,1999,2024,-1.5525536725241,-2.67758585611227,-0.344660529570859,Slope Trend,0.0186256619029121,ALPHA SPATIAL iCAR,,-31.1068120430597,,,,,,,,,,,2.33292532654141,High,,,81,Number of Sites,,,,,
BCCWS_PSSS,2025,Strait of Georgia,winter,all years,DCCO,2390,1999-2024,1999,2024,-1.76525377358402,-2.95092299610501,-0.728244964842903,Slope Trend,0.0185821227297755,ALPHA SPATIAL iCAR,,-34.5354169028224,,,,,,,,,,,2.2226780312621,High,,,111,Number of Sites,,,,,
BCCWS_PSSS,2025,BC,winter,all years,DCCO,2390,1999-2024,1999,2024,-1.84162069579036,-2.54776635909552,-1.14386082318476,Slope Trend,0.0116940254157179,ALPHA SPATIAL iCAR,,-35.7378719885134,,,,,,,,,,,1.40390553591077,High,,,NA,Number of Sites,,,,,
BCCWS_PSSS,2025,Combined Outer Coast,winter,all years,PIGU,5780,1999-2024,1999,2024,3.25487743767187,0.729670417024297,5.80128044333443,Slope Trend,0.0410301204669312,ALPHA SPATIAL iCAR,,118.402735948573,,,,,,,,,,,5.07161002631014,Medium,,,18,Number of Sites,,,,,
BCCWS_PSSS,2025,Greater Vancouver,winter,all years,PIGU,5780,1999-2024,1999,2024,-4.76892802879371,-7.36006355307521,-2.14940020291015,Slope Trend,0.0419696435344752,ALPHA SPATIAL iCAR,,-68.1630533700365,,,,,,,,,,,5.21066335016507,Medium,,,22,Number of Sites,,,,,
BCCWS_PSSS,2025,Juan de Fuca,winter,all years,PIGU,5780,1999-2024,1999,2024,-1.01297415261227,-3.20401130287059,1.46152997900298,Slope Trend,0.0363607156612394,ALPHA SPATIAL iCAR,,-21.5817728603482,,,,,,,,,,,4.66554128187358,Medium,,,60,Number of Sites,,,,,
BCCWS_PSSS,2025,Strait of Georgia,winter,all years,PIGU,5780,1999-2024,1999,2024,-0.261833799379412,-2.46604482691357,2.03528823707099,Slope Trend,0.0364454965687251,ALPHA SPATIAL iCAR,,-6.09063883745797,,,,,,,,,,,4.50133306398456,Medium,,,63,Number of Sites,,,,,
BCCWS_PSSS,2025,BC,winter,all years,PIGU,5780,1999-2024,1999,2024,-0.704706579669021,-2.12258397899124,0.775399785582681,Slope Trend,0.0237956308565958,ALPHA SPATIAL iCAR,,-14.2600313238813,,,,,,,,,,,2.89798376457392,High,,,NA,Number of Sites,,,,,
BCCWS_PSSS,2025,Combined Outer Coast,winter,all years,RTLO,1530,1999-2024,1999,2024,2.00523504430603,-1.6876263628646,6.35891346975378,Slope Trend,0.06573167308565,ALPHA SPATIAL iCAR,,61.8106131332029,,,,,,,,,,,8.04653983261838,Low,,,17,Number of Sites,,,,,
BCCWS_PSSS,2025,Greater Vancouver,winter,all years,RTLO,1530,1999-2024,1999,2024,-6.41156556136706,-9.61634244569193,-3.05648468165086,Slope Trend,0.0538179467239252,ALPHA SPATIAL iCAR,,-78.5356278510082,,,,,,,,,,,6.55985776404107,Medium,,,41,Number of Sites,,,,,
BCCWS_PSSS,2025,Juan de Fuca,winter,all years,RTLO,1530,1999-2024,1999,2024,-0.869574050679549,-3.60823769067094,2.38629925312712,Slope Trend,0.0500977515999159,ALPHA SPATIAL iCAR,,-18.8359501068813,,,,,,,,,,,5.99453694379806,Medium,,,31,Number of Sites,,,,,
BCCWS_PSSS,2025,Strait of Georgia,winter,all years,RTLO,1530,1999-2024,1999,2024,-1.47609403584432,-4.37318305529879,1.71869879833439,Slope Trend,0.0502187580483438,ALPHA SPATIAL iCAR,,-29.83092987817,,,,,,,,,,,6.09188185363318,Medium,,,45,Number of Sites,,,,,
BCCWS_PSSS,2025,BC,winter,all years,RTLO,1530,1999-2024,1999,2024,-1.29515275936406,-3.24848263611342,0.562951665243204,Slope Trend,0.031066186320207,ALPHA SPATIAL iCAR,,-24.8312532435679,,,,,,,,,,,3.81143430135662,Medium,,,NA,Number of Sites,,,,,
BCCWS_PSSS,2025,Combined Outer Coast,winter,all years,GWTE,590,1999-2024,1999,2024,4.09115422384001,0.959118903493763,7.53037566607575,Slope Trend,0.0528178614509076,ALPHA SPATIAL iCAR,,166.946215947436,,,,,,,,,,,6.57125676258199,Medium,,,20,Number of Sites,,,,,
BCCWS_PSSS,2025,Greater Vancouver,winter,all years,GWTE,590,1999-2024,1999,2024,-0.595852259191413,-3.4019101649131,2.36187901982905,Slope Trend,0.0453558273909057,ALPHA SPATIAL iCAR,,-13.3249868071049,,,,,,,,,,,5.76378918474215,Medium,,,55,Number of Sites,,,,,
BCCWS_PSSS,2025,Juan de Fuca,winter,all years,GWTE,590,1999-2024,1999,2024,5.95858984569576,2.59849026968274,9.33181199029807,Slope Trend,0.0543432511831676,ALPHA SPATIAL iCAR,,317.895645296242,,,,,,,,,,,6.73332172061532,Low,,,23,Number of Sites,,,,,
BCCWS_PSSS,2025,Strait of Georgia,winter,all years,GWTE,590,1999-2024,1999,2024,-1.06576337874344,-4.07690589366615,1.87391666227635,Slope Trend,0.0489942528362398,ALPHA SPATIAL iCAR,,-22.5690187473156,,,,,,,,,,,5.95082255594249,Medium,,,54,Number of Sites,,,,,
BCCWS_PSSS,2025,BC,winter,all years,GWTE,590,1999-2024,1999,2024,2.34802311523827,0.0912844658286022,4.7897844443944,Slope Trend,0.037741425968719,ALPHA SPATIAL iCAR,,81.3183523938856,,,,,,,,,,,4.69849997856579,Medium,,,NA,Number of Sites,,,,,
BCCWS_PSSS,2025,Combined Outer Coast,winter,all years,NSHO,540,1999-2024,1999,2024,1.68965867147657,-2.64829428881991,5.87509929871235,Slope Trend,0.0696192550321002,ALPHA SPATIAL iCAR,,50.0079461673963,,,,,,,,,,,8.52339358753227,Low,,,6,Number of Sites,,,,,
BCCWS_PSSS,2025,Greater Vancouver,winter,all years,NSHO,540,1999-2024,1999,2024,1.05754726725946,-3.08738008904781,4.95575752449311,Slope Trend,0.0660264933510921,ALPHA SPATIAL iCAR,,28.8928617395345,,,,,,,,,,,8.04313761354092,Low,,,26,Number of Sites,,,,,
BCCWS_PSSS,2025,Juan de Fuca,winter,all years,NSHO,540,1999-2024,1999,2024,1.35056899374886,-3.2557097838975,5.7227578331992,Slope Trend,0.0721372404380351,ALPHA SPATIAL iCAR,,38.2836132253934,,,,,,,,,,,8.9784676170967,Low,,,7,Number of Sites,,,,,
BCCWS_PSSS,2025,Strait of Georgia,winter,all years,NSHO,540,1999-2024,1999,2024,3.40274085817613,-0.706389080032097,7.74668868816678,Slope Trend,0.0681527331934493,ALPHA SPATIAL iCAR,,126.292405343492,,,,,,,,,,,8.45307776819888,Low,,,20,Number of Sites,,,,,
BCCWS_PSSS,2025,BC,winter,all years,NSHO,540,1999-2024,1999,2024,0.661446285450426,-2.34081702816435,3.56549610723548,Slope Trend,0.0482095352278584,ALPHA SPATIAL iCAR,,24.8496663426231,,,,,,,,,,,5.90631313539983,Medium,,,NA,Number of Sites,,,,,
BCCWS_PSSS,2025,Combined Outer Coast,winter,all years,COMU,5730,1999-2024,1999,2024,0.616709265850853,-4.39731828710334,5.6953361905611,Slope Trend,0.0820045832895027,ALPHA SPATIAL iCAR,,15.9524751056399,,,,,,,,,,,10.0926544776644,Low,,,24,Number of Sites,,,,,
BCCWS_PSSS,2025,Greater Vancouver,winter,all years,COMU,5730,1999-2024,1999,2024,-9.31271673224722,-14.5721029017139,-4.0534868142962,Slope Trend,0.0854110184918856,ALPHA SPATIAL iCAR,,-89.3013435276884,,,,,,,,,,,10.5186160874177,Low,,,15,Number of Sites,,,,,
BCCWS_PSSS,2025,Juan de Fuca,winter,all years,COMU,5730,1999-2024,1999,2024,2.02090452293466,-3.09504877062581,7.26562700061094,Slope Trend,0.0806961704424168,ALPHA SPATIAL iCAR,,62.4202758930419,,,,,,,,,,,10.3606757712368,Low,,,45,Number of Sites,,,,,
BCCWS_PSSS,2025,Strait of Georgia,winter,all years,COMU,5730,1999-2024,1999,2024,4.02879153325465,-0.912693173222982,9.04622838514052,Slope Trend,0.0798105581437891,ALPHA SPATIAL iCAR,,162.980570748858,,,,,,,,,,,9.95892155836351,Low,,,49,Number of Sites,,,,,
BCCWS_PSSS,2025,BC,winter,all years,COMU,5730,1999-2024,1999,2024,-0.00212150952895408,-2.81094704779899,2.77715445676937,Slope Trend,0.0468991411982939,ALPHA SPATIAL iCAR,,6.13408311062927,,,,,,,,,,,5.58810150456837,Medium,,,NA,Number of Sites,,,,,
BCCWS_PSSS,2025,Combined Outer Coast,winter,all years,SURF,4650,1999-2024,1999,2024,0.207636083795426,-5.9289187250506,6.64313131524283,Slope Trend,0.102531998880005,ALPHA SPATIAL iCAR,,5.10951915057061,,,,,,,,,,,12.5720500402934,Low,,,7,Number of Sites,,,,,
BCCWS_PSSS,2025,Greater Vancouver,winter,all years,SURF,4650,1999-2024,1999,2024,-2.30865621033885,-9.48009598460263,4.14966470211432,Slope Trend,0.107994073696153,ALPHA SPATIAL iCAR,,-42.5397907328487,,,,,,,,,,,13.629760686717,Low,,,6,Number of Sites,,,,,
BCCWS_PSSS,2025,Juan de Fuca,winter,all years,SURF,4650,1999-2024,1999,2024,-1.10126902319101,-7.13635501323276,4.64164001280769,Slope Trend,0.0917233123901336,ALPHA SPATIAL iCAR,,-23.2260323023884,,,,,,,,,,,11.7779950260404,Low,,,25,Number of Sites,,,,,
BCCWS_PSSS,2025,Strait of Georgia,winter,all years,SURF,4650,1999-2024,1999,2024,-0.671313699759855,-6.48441537387331,5.25006313372116,Slope Trend,0.0929058644318101,ALPHA SPATIAL iCAR,,-14.8806066946903,,,,,,,,,,,11.7344785075945,Low,,,32,Number of Sites,,,,,
BCCWS_PSSS,2025,BC,winter,all years,SURF,4650,1999-2024,1999,2024,2.22810108622042,-3.08983470349519,7.62975260614475,Slope Trend,0.0867991487463178,ALPHA SPATIAL iCAR,,107.334257067817,,,,,,,,,,,10.7195873096399,Low,,,NA,Number of Sites,,,,,
BCCWS_PSSS,2025,Combined Outer Coast,winter,all years,TRUS,280,1999-2024,1999,2024,-6.23883405950232,-10.1904992238284,-1.81258965752986,Slope Trend,0.0665408372785887,ALPHA SPATIAL iCAR,,-77.6271087992632,,,,,,,,,,,8.37790956629856,Low,,,12,Number of Sites,,,,,
BCCWS_PSSS,2025,Greater Vancouver,winter,all years,TRUS,280,1999-2024,1999,2024,-0.286262198486114,-4.14431751069764,3.50204887187463,Slope Trend,0.0599972501098109,ALPHA SPATIAL iCAR,,-6.63960131711392,,,,,,,,,,,7.64636638257226,Low,,,27,Number of Sites,,,,,
BCCWS_PSSS,2025,Juan de Fuca,winter,all years,TRUS,280,1999-2024,1999,2024,2.00928933790289,-2.26048544572872,6.50139523911059,Slope Trend,0.0735783425580675,ALPHA SPATIAL iCAR,,61.968136414105,,,,,,,,,,,8.76188068483931,Low,,,14,Number of Sites,,,,,
BCCWS_PSSS,2025,Strait of Georgia,winter,all years,TRUS,280,1999-2024,1999,2024,-6.96690040906422,-10.4426857837999,-3.48984297922283,Slope Trend,0.0563625767925428,ALPHA SPATIAL iCAR,,-81.2139591171042,,,,,,,,,,,6.95284280457709,Low,,,47,Number of Sites,,,,,
BCCWS_PSSS,2025,BC,winter,all years,TRUS,280,1999-2024,1999,2024,-4.51473598883003,-7.21877114346504,-1.91698989941837,Slope Trend,0.0423521058148642,ALPHA SPATIAL iCAR,,-65.1908694697013,,,,,,,,,,,5.30178124404667,Medium,,,NA,Number of Sites,,,,,
BCCWS_PSSS,2025,Combined Outer Coast,winter,all years,SNGO,160,1999-2024,1999,2024,15.4301701207155,2.63109383007769,28.9567822448973,Slope Trend,0.210842528628027,ALPHA SPATIAL iCAR,,3957.85997939721,,,,,,,,,,,26.3256884148196,Low,,,7,Number of Sites,,,,,
BCCWS_PSSS,2025,Greater Vancouver,winter,all years,SNGO,160,1999-2024,1999,2024,-1.52557449317214,-11.0520739850284,8.91222355760561,Slope Trend,0.165502868594376,ALPHA SPATIAL iCAR,,-30.6592811228447,,,,,,,,,,,19.964297542634,Low,,,20,Number of Sites,,,,,
BCCWS_PSSS,2025,Juan de Fuca,winter,all years,SNGO,160,1999-2024,1999,2024,28.7763236473636,10.8441312888653,52.2777256027587,Slope Trend,0.331422600688443,ALPHA SPATIAL iCAR,,99756.3429242196,,,,,,,,,,,41.4335943138934,Low,,,3,Number of Sites,,,,,
BCCWS_PSSS,2025,Strait of Georgia,winter,all years,SNGO,160,1999-2024,1999,2024,11.6834302675399,0.983782245405904,23.7918535687063,Slope Trend,0.184827016844605,ALPHA SPATIAL iCAR,,1551.0941200469,,,,,,,,,,,22.8080713233004,Low,,,17,Number of Sites,,,,,
BCCWS_PSSS,2025,BC,winter,all years,SNGO,160,1999-2024,1999,2024,7.15995132151716,-1.35639974449295,15.8882023799535,Slope Trend,0.141155262867453,ALPHA SPATIAL iCAR,,738.894610264204,,,,,,,,,,,17.2446021244465,Low,,,NA,Number of Sites,,,,,
BCCWS_PSSS,2025,Combined Outer Coast,winter,all years,RHAU,5910,1999-2024,1999,2024,12.5095661599234,5.7014121206539,19.711417634195,Slope Trend,0.11450260273211,ALPHA SPATIAL iCAR,,1913.17038497381,,,,,,,,,,,14.0100055135411,Low,,,9,Number of Sites,,,,,
BCCWS_PSSS,2025,Greater Vancouver,winter,all years,RHAU,5910,1999-2024,1999,2024,1.20640548243089,-6.22427845883184,8.92310395927909,Slope Trend,0.123304470177112,ALPHA SPATIAL iCAR,,33.5809287147074,,,,,,,,,,,15.1473824181109,Low,,,2,Number of Sites,,,,,
BCCWS_PSSS,2025,Juan de Fuca,winter,all years,RHAU,5910,1999-2024,1999,2024,2.22394002195267,-3.02115435068644,7.66477646568204,Slope Trend,0.0855410264775304,ALPHA SPATIAL iCAR,,70.5307770953691,,,,,,,,,,,10.6859308163685,Low,,,45,Number of Sites,,,,,
BCCWS_PSSS,2025,Strait of Georgia,winter,all years,RHAU,5910,1999-2024,1999,2024,6.48270126486835,1.09825783061584,11.9473344193974,Slope Trend,0.087930364507264,ALPHA SPATIAL iCAR,,373.910502016627,,,,,,,,,,,10.8490765887816,Low,,,21,Number of Sites,,,,,
BCCWS_PSSS,2025,BC,winter,all years,RHAU,5910,1999-2024,1999,2024,2.85196377330235,-0.928894189544408,6.90594791938859,Slope Trend,0.0629597880217283,ALPHA SPATIAL iCAR,,117.923347418212,,,,,,,,,,,7.834842108933,Low,,,NA,Number of Sites,,,,,
BCCWS_PSSS,2025,Combined Outer Coast,winter,all years,AMCO,45419,1999-2024,1999,2024,-4.00699796743931,-9.83310630636573,1.48400936124577,Slope Trend,0.0905877778173348,ALPHA SPATIAL iCAR,,-61.7749647570103,,,,,,,,,,,11.3171156676115,Low,,,5,Number of Sites,,,,,
BCCWS_PSSS,2025,Greater Vancouver,winter,all years,AMCO,45419,1999-2024,1999,2024,-2.29027258518105,-7.14906974446994,3.06869692465244,Slope Trend,0.0849493152584384,ALPHA SPATIAL iCAR,,-42.2857121711319,,,,,,,,,,,10.2177666691224,Low,,,30,Number of Sites,,,,,
BCCWS_PSSS,2025,Juan de Fuca,winter,all years,AMCO,45419,1999-2024,1999,2024,-0.843097526778097,-6.33760020767003,6.05718113750075,Slope Trend,0.101809622369726,ALPHA SPATIAL iCAR,,-18.3185619533618,,,,,,,,,,,12.3947813451708,Low,,,5,Number of Sites,,,,,
BCCWS_PSSS,2025,Strait of Georgia,winter,all years,AMCO,45419,1999-2024,1999,2024,-2.8955160234578,-8.39513844939612,2.75120794133855,Slope Trend,0.087214014660368,ALPHA SPATIAL iCAR,,-50.0887543867406,,,,,,,,,,,11.1463463907347,Low,,,8,Number of Sites,,,,,
BCCWS_PSSS,2025,BC,winter,all years,AMCO,45419,1999-2024,1999,2024,-3.78784962518285,-7.88462444695503,0.207623924727408,Slope Trend,0.0637457957442694,ALPHA SPATIAL iCAR,,-55.3877724201997,,,,,,,,,,,8.09224837168244,Low,,,NA,Number of Sites,,,,,
BCCWS_PSSS,2025,Combined Outer Coast,winter,all years,HEEG,5090,1999-2024,1999,2024,0.348126674202023,-16.6598535630927,17.3370298279795,Slope Trend,0.277559048377201,ALPHA SPATIAL iCAR,,8.71400077345132,,,,,,,,,,,33.9968833910722,Low,,,1,Number of Sites,,,,,
BCCWS_PSSS,2025,Greater Vancouver,winter,all years,HEEG,5090,1999-2024,1999,2024,-6.60304010026902,-20.4315407736303,4.80002708094799,Slope Trend,0.203587259118416,ALPHA SPATIAL iCAR,,-79.4996786440084,,,,,,,,,,,25.2315678545783,Low,,,1,Number of Sites,,,,,
BCCWS_PSSS,2025,Juan de Fuca,winter,all years,HEEG,5090,1999-2024,1999,2024,-0.570954741372053,-7.45985765894934,6.58307124619325,Slope Trend,0.110284403932098,ALPHA SPATIAL iCAR,,-12.8055180904529,,,,,,,,,,,14.0429289051426,Low,,,23,Number of Sites,,,,,
BCCWS_PSSS,2025,Strait of Georgia,winter,all years,HEEG,5090,1999-2024,1999,2024,4.93174498044397,-5.06105254802366,17.548724136093,Slope Trend,0.186900326817973,ALPHA SPATIAL iCAR,,226.617245182929,,,,,,,,,,,22.6097766841167,Low,,,2,Number of Sites,,,,,
BCCWS_PSSS,2025,BC,winter,all years,HEEG,5090,1999-2024,1999,2024,-3.83943916875302,-13.9325515934586,5.27218203197982,Slope Trend,0.151874463670865,ALPHA SPATIAL iCAR,,-25.5018471851474,,,,,,,,,,,19.2047336254385,Low,,,NA,Number of Sites,,,,,
BCCWS_PSSS,2025,Combined Outer Coast,winter,all years,Local, ,1999-2024,1999,2024,2.52250044684209,1.07233017256365,3.96531342488526,Slope Trend,0.0232206142018661,ALPHA SPATIAL iCAR,,83.1985052754957,,,,,,,,,,,2.8929832523216,High,,,50,Number of Sites,,,,,
BCCWS_PSSS,2025,Greater Vancouver,winter,all years,Local, ,1999-2024,1999,2024,-0.225728560616172,-1.45523567276853,1.04555795007336,Slope Trend,0.0203963425854545,ALPHA SPATIAL iCAR,,-5.27335418282284,,,,,,,,,,,2.5007936228419,High,,,99,Number of Sites,,,,,
BCCWS_PSSS,2025,Juan de Fuca,winter,all years,Local, ,1999-2024,1999,2024,-0.259911760638159,-1.52988900026505,0.886377001303732,Slope Trend,0.0191670659466853,ALPHA SPATIAL iCAR,,-6.04730946126057,,,,,,,,,,,2.41626600156878,High,,,85,Number of Sites,,,,,
BCCWS_PSSS,2025,Strait of Georgia,winter,all years,Local, ,1999-2024,1999,2024,-1.29373811210759,-2.58545600504525,-0.0555292258167297,Slope Trend,0.0198061545069073,ALPHA SPATIAL iCAR,,-26.6917584038042,,,,,,,,,,,2.52992677922852,High,,,122,Number of Sites,,,,,
BCCWS_PSSS,2025,BC,winter,all years,Local, ,1999-2024,1999,2024,-0.544979433067331,-1.25876823581378,0.272950858478316,Slope Trend,0.0120506098699659,ALPHA SPATIAL iCAR,,-11.9347276117251,,,,,,,,,,,1.53171909429209,High,,,NA,Number of Sites,,,,,
BCCWS_PSSS,2025,Combined Outer Coast,winter,all years,LDM, ,1999-2024,1999,2024,2.37418384191044,0.526957600247135,4.5382810191061,Slope Trend,0.0324605342493722,ALPHA SPATIAL iCAR,,76.7920720844056,,,,,,,,,,,4.01132341885896,Medium,,,46,Number of Sites,,,,,
BCCWS_PSSS,2025,Greater Vancouver,winter,all years,LDM, ,1999-2024,1999,2024,-0.799660269743363,-2.47794329988883,0.900810679216492,Slope Trend,0.0269247617001798,ALPHA SPATIAL iCAR,,-17.4625837153507,,,,,,,,,,,3.37875397910532,High,,,79,Number of Sites,,,,,
BCCWS_PSSS,2025,Juan de Fuca,winter,all years,LDM, ,1999-2024,1999,2024,0.628599275480108,-1.018534679433,2.18064725647737,Slope Trend,0.0271452054023043,ALPHA SPATIAL iCAR,,16.2838299091334,,,,,,,,,,,3.19918193591037,High,,,78,Number of Sites,,,,,
BCCWS_PSSS,2025,Strait of Georgia,winter,all years,LDM, ,1999-2024,1999,2024,-1.85336227787303,-3.42508615249381,-0.230188204462374,Slope Trend,0.0257504964059393,ALPHA SPATIAL iCAR,,-35.9051998777367,,,,,,,,,,,3.19489794803143,High,,,118,Number of Sites,,,,,
BCCWS_PSSS,2025,BC,winter,all years,LDM, ,1999-2024,1999,2024,-0.988414908960711,-1.99776088943619,-0.00148594407515707,Slope Trend,0.016780001564359,ALPHA SPATIAL iCAR,,-20.5827991639654,,,,,,,,,,,1.99627494536103,High,,,NA,Number of Sites,,,,,
BCCWS_PSSS,2025,Combined Outer Coast,winter,all years,SDM, ,1999-2024,1999,2024,3.40170247291433,1.89038591265942,4.7213642380842,Slope Trend,0.0214765256247754,ALPHA SPATIAL iCAR,,126.236017482407,,,,,,,,,,,2.83097832542478,High,,,48,Number of Sites,,,,,
BCCWS_PSSS,2025,Greater Vancouver,winter,all years,SDM, ,1999-2024,1999,2024,-0.335502280304975,-1.48836208757848,0.779041751594239,Slope Trend,0.0184479303631958,ALPHA SPATIAL iCAR,,-7.73640542638444,,,,,,,,,,,2.26740383917272,High,,,99,Number of Sites,,,,,
BCCWS_PSSS,2025,Juan de Fuca,winter,all years,SDM, ,1999-2024,1999,2024,0.47198187661416,-0.587350743876827,1.58264451236359,Slope Trend,0.0179183193354917,ALPHA SPATIAL iCAR,,11.9940602465128,,,,,,,,,,,2.16999525624042,High,,,85,Number of Sites,,,,,
BCCWS_PSSS,2025,Strait of Georgia,winter,all years,SDM, ,1999-2024,1999,2024,-0.656271852352815,-1.67251372195109,0.377424004598756,Slope Trend,0.0170765226799859,ALPHA SPATIAL iCAR,,-14.5727666689772,,,,,,,,,,,2.04993772654985,High,,,122,Number of Sites,,,,,
BCCWS_PSSS,2025,BC,winter,all years,SDM, ,1999-2024,1999,2024,0.280968563465676,-0.322950646617955,0.904306036357997,Slope Trend,0.00995979097211189,ALPHA SPATIAL iCAR,,7.25687869579096,,,,,,,,,,,1.22725668297595,High,,,NA,Number of Sites,,,,,
BCCWS_PSSS,2025,Combined Outer Coast,winter,all years,Omnivore, ,1999-2024,1999,2024,1.77581989399992,0.136943991062359,3.44869849361973,Slope Trend,0.0277243188779512,ALPHA SPATIAL iCAR,,53.1422090394669,,,,,,,,,,,3.31175450255737,High,,,49,Number of Sites,,,,,
BCCWS_PSSS,2025,Greater Vancouver,winter,all years,Omnivore, ,1999-2024,1999,2024,-0.60947611272829,-1.8221425212749,0.579289663991736,Slope Trend,0.0204623913592667,ALPHA SPATIAL iCAR,,-13.6079274304439,,,,,,,,,,,2.40143218526663,High,,,98,Number of Sites,,,,,
BCCWS_PSSS,2025,Juan de Fuca,winter,all years,Omnivore, ,1999-2024,1999,2024,-0.692109417410378,-1.99507104040432,0.593045180642104,Slope Trend,0.0212329492822096,ALPHA SPATIAL iCAR,,-15.304376831271,,,,,,,,,,,2.58811622104642,High,,,85,Number of Sites,,,,,
BCCWS_PSSS,2025,Strait of Georgia,winter,all years,Omnivore, ,1999-2024,1999,2024,-0.473832800726047,-1.81936659167875,0.864298694397854,Slope Trend,0.0212791731512251,ALPHA SPATIAL iCAR,,-10.749206282468,,,,,,,,,,,2.68366528607661,High,,,122,Number of Sites,,,,,
BCCWS_PSSS,2025,BC,winter,all years,Omnivore, ,1999-2024,1999,2024,-0.881444449233913,-1.58460948083612,-0.100485762120268,Slope Trend,0.0120925219779757,ALPHA SPATIAL iCAR,,-18.8085261621728,,,,,,,,,,,1.48412371871585,High,,,NA,Number of Sites,,,,,
BCCWS_PSSS,2025,Combined Outer Coast,winter,all years,Benthivore, ,1999-2024,1999,2024,2.49395523253418,1.34797284240696,3.76378156373811,Slope Trend,0.0198011790676345,ALPHA SPATIAL iCAR,,81.9477288666263,,,,,,,,,,,2.41580872133115,High,,,48,Number of Sites,,,,,
BCCWS_PSSS,2025,Greater Vancouver,winter,all years,Benthivore, ,1999-2024,1999,2024,-0.241606770468825,-1.2278558103174,0.728868745221248,Slope Trend,0.0159029729264464,ALPHA SPATIAL iCAR,,-5.63364874151547,,,,,,,,,,,1.95672455553864,High,,,99,Number of Sites,,,,,
BCCWS_PSSS,2025,Juan de Fuca,winter,all years,Benthivore, ,1999-2024,1999,2024,1.21505497052093,0.229508888302663,2.24875105923616,Slope Trend,0.0163844265655691,ALPHA SPATIAL iCAR,,33.8585143283139,,,,,,,,,,,2.0192421709335,High,,,84,Number of Sites,,,,,
BCCWS_PSSS,2025,Strait of Georgia,winter,all years,Benthivore, ,1999-2024,1999,2024,-1.84766199680301,-2.69363026079572,-0.913997934172121,Slope Trend,0.0146236808486814,ALPHA SPATIAL iCAR,,-35.817453859989,,,,,,,,,,,1.7796323266236,High,,,122,Number of Sites,,,,,
BCCWS_PSSS,2025,BC,winter,all years,Benthivore, ,1999-2024,1999,2024,-0.257409452067136,-0.826386014479193,0.347179755382959,Slope Trend,0.00943879521410658,ALPHA SPATIAL iCAR,,-5.76539868043667,,,,,,,,,,,1.17356576986215,High,,,NA,Number of Sites,,,,,
BCCWS_PSSS,2025,Combined Outer Coast,winter,all years,Piscivore, ,1999-2024,1999,2024,1.73015530814624,0.535722677030942,3.12414373860022,Slope Trend,0.0207382456693847,ALPHA SPATIAL iCAR,,51.4730104059275,,,,,,,,,,,2.58842106156928,High,,,49,Number of Sites,,,,,
BCCWS_PSSS,2025,Greater Vancouver,winter,all years,Piscivore, ,1999-2024,1999,2024,0.948021801703719,-0.0292374160021316,1.94885427113468,Slope Trend,0.0159070559335499,ALPHA SPATIAL iCAR,,25.5489118369258,,,,,,,,,,,1.97809168713681,High,,,98,Number of Sites,,,,,
BCCWS_PSSS,2025,Juan de Fuca,winter,all years,Piscivore, ,1999-2024,1999,2024,0.649576504831713,-0.350403245576495,1.60121645885783,Slope Trend,0.015597242533213,ALPHA SPATIAL iCAR,,16.8707410987019,,,,,,,,,,,1.95161970443432,High,,,83,Number of Sites,,,,,
BCCWS_PSSS,2025,Strait of Georgia,winter,all years,Piscivore, ,1999-2024,1999,2024,0.0839264552910391,-0.943878760705553,1.05915912878552,Slope Trend,0.0166179713373347,ALPHA SPATIAL iCAR,,2.03465752794287,,,,,,,,,,,2.00303788949108,High,,,122,Number of Sites,,,,,
BCCWS_PSSS,2025,BC,winter,all years,Piscivore, ,1999-2024,1999,2024,0.41485605889079,-0.142142507465552,1.00510007527915,Slope Trend,0.00892086796799938,ALPHA SPATIAL iCAR,,10.6880167878084,,,,,,,,,,,1.1472425827447,High,,,NA,Number of Sites,,,,,
BCCWS_PSSS,2025,Combined Outer Coast,winter,all years,Herbivore, ,1999-2024,1999,2024,1.81714039236907,0.402250305031639,3.19324222280683,Slope Trend,0.0226280931567676,ALPHA SPATIAL iCAR,,54.6684633776741,,,,,,,,,,,2.79099191777519,High,,,37,Number of Sites,,,,,
BCCWS_PSSS,2025,Greater Vancouver,winter,all years,Herbivore, ,1999-2024,1999,2024,-0.461393116235276,-1.56400255245017,0.695136107278113,Slope Trend,0.0183776635536857,ALPHA SPATIAL iCAR,,-10.4823477128607,,,,,,,,,,,2.25913865972829,High,,,95,Number of Sites,,,,,
BCCWS_PSSS,2025,Juan de Fuca,winter,all years,Herbivore, ,1999-2024,1999,2024,0.708406036280668,-0.484092885863808,1.93703373002271,Slope Trend,0.0192011835067853,ALPHA SPATIAL iCAR,,18.5325533538288,,,,,,,,,,,2.42112661588651,High,,,78,Number of Sites,,,,,
BCCWS_PSSS,2025,Strait of Georgia,winter,all years,Herbivore, ,1999-2024,1999,2024,-0.644239068728393,-1.78108839220517,0.533920050369637,Slope Trend,0.0184208967275324,ALPHA SPATIAL iCAR,,-14.3257075241377,,,,,,,,,,,2.3150084425748,High,,,119,Number of Sites,,,,,
BCCWS_PSSS,2025,BC,winter,all years,Herbivore, ,1999-2024,1999,2024,-0.159104630669076,-0.831334780469996,0.552754867559175,Slope Trend,0.0113108838349235,ALPHA SPATIAL iCAR,,-3.40816355688975,,,,,,,,,,,1.38408964802917,High,,,NA,Number of Sites,,,,,
BCCWS_PSSS,2025,Combined Outer Coast,winter,all years,Accipitridae, ,1999-2024,1999,2024,0.0482423179602864,-0.958642123712146,1.03383730114305,Slope Trend,0.0163972836898485,ALPHA SPATIAL iCAR,,1.16454425952028,,,,,,,,,,,1.99247942485519,High,,,46,Number of Sites,,,,,
BCCWS_PSSS,2025,Greater Vancouver,winter,all years,Accipitridae, ,1999-2024,1999,2024,0.0422677202628683,-0.935435048372796,1.05571413177868,Slope Trend,0.015160241249704,ALPHA SPATIAL iCAR,,1.01958802221489,,,,,,,,,,,1.99114918015148,High,,,90,Number of Sites,,,,,
BCCWS_PSSS,2025,Juan de Fuca,winter,all years,Accipitridae, ,1999-2024,1999,2024,0.0252042802264543,-0.907117560196764,0.924030497223607,Slope Trend,0.0151639764926357,ALPHA SPATIAL iCAR,,0.606735956528648,,,,,,,,,,,1.83114805742037,High,,,83,Number of Sites,,,,,
BCCWS_PSSS,2025,Strait of Georgia,winter,all years,Accipitridae, ,1999-2024,1999,2024,0.067963451036903,-0.883272984622545,1.00631782830098,Slope Trend,0.0145792866273305,ALPHA SPATIAL iCAR,,1.64449825752206,,,,,,,,,,,1.88959081292353,High,,,119,Number of Sites,,,,,
BCCWS_PSSS,2025,BC,winter,all years,Accipitridae, ,1999-2024,1999,2024,-0.141033584190181,-0.739674649816227,0.41131898028331,Slope Trend,0.00907248781993855,ALPHA SPATIAL iCAR,,-3.11060219201766,,,,,,,,,,,1.15099363009954,High,,,NA,Number of Sites,,,,,
BCCWS_PSSS,2025,Combined Outer Coast,winter,all years,Anatidae, ,1999-2024,1999,2024,1.56154152361028,0.331956179485724,2.86136387808844,Slope Trend,0.0207644444378245,ALPHA SPATIAL iCAR,,45.4656755130906,,,,,,,,,,,2.52940769860271,High,,,48,Number of Sites,,,,,
BCCWS_PSSS,2025,Greater Vancouver,winter,all years,Anatidae, ,1999-2024,1999,2024,-0.145127055966087,-1.27146358545336,0.902581785382688,Slope Trend,0.0174122765670497,ALPHA SPATIAL iCAR,,-3.42308934092459,,,,,,,,,,,2.17404537083604,High,,,99,Number of Sites,,,,,
BCCWS_PSSS,2025,Juan de Fuca,winter,all years,Anatidae, ,1999-2024,1999,2024,1.5435655464674,0.461296200047939,2.65238609615505,Slope Trend,0.018087767379314,ALPHA SPATIAL iCAR,,44.8394542790791,,,,,,,,,,,2.19108989610711,High,,,84,Number of Sites,,,,,
BCCWS_PSSS,2025,Strait of Georgia,winter,all years,Anatidae, ,1999-2024,1999,2024,-1.6944535708736,-2.7832957881271,-0.532956933483422,Slope Trend,0.0177522319761981,ALPHA SPATIAL iCAR,,-33.413534979094,,,,,,,,,,,2.25033885464368,High,,,122,Number of Sites,,,,,
BCCWS_PSSS,2025,BC,winter,all years,Anatidae, ,1999-2024,1999,2024,-0.47794462461248,-1.13519430592169,0.204920459089001,Slope Trend,0.0109860426480883,ALPHA SPATIAL iCAR,,-10.5613489089541,,,,,,,,,,,1.34011476501069,High,,,NA,Number of Sites,,,,,
BCCWS_PSSS,2025,Combined Outer Coast,winter,all years,Alcedinidae, ,1999-2024,1999,2024,0.888144094615797,-0.280156272977534,2.08672831684978,Slope Trend,0.0196191594422016,ALPHA SPATIAL iCAR,,23.7575944298488,,,,,,,,,,,2.36688458982731,High,,,38,Number of Sites,,,,,
BCCWS_PSSS,2025,Greater Vancouver,winter,all years,Alcedinidae, ,1999-2024,1999,2024,-0.347346666671556,-1.61366233946329,0.83403635014631,Slope Trend,0.0197978080972168,ALPHA SPATIAL iCAR,,-7.99830636212626,,,,,,,,,,,2.4476986896096,High,,,79,Number of Sites,,,,,
BCCWS_PSSS,2025,Juan de Fuca,winter,all years,Alcedinidae, ,1999-2024,1999,2024,0.344868521796552,-0.738559569404152,1.4226658049448,Slope Trend,0.0178280328266074,ALPHA SPATIAL iCAR,,8.62902437375781,,,,,,,,,,,2.16122537434895,High,,,77,Number of Sites,,,,,
BCCWS_PSSS,2025,Strait of Georgia,winter,all years,Alcedinidae, ,1999-2024,1999,2024,0.184528399912182,-0.970915558381523,1.31152761168485,Slope Trend,0.0181963962536107,ALPHA SPATIAL iCAR,,4.52821155115324,,,,,,,,,,,2.28244317006637,High,,,109,Number of Sites,,,,,
BCCWS_PSSS,2025,BC,winter,all years,Alcedinidae, ,1999-2024,1999,2024,0.317096783519,-0.204806263243657,0.847932660824295,Slope Trend,0.00819352898744579,ALPHA SPATIAL iCAR,,8.09297583342941,,,,,,,,,,,1.05273892406795,High,,,NA,Number of Sites,,,,,
BCCWS_PSSS,2025,Combined Outer Coast,winter,all years,Scolopacidae, ,1999-2024,1999,2024,1.53437928575582,-1.14757905995422,4.23615951693206,Slope Trend,0.0441284138576618,ALPHA SPATIAL iCAR,,44.5204781148687,,,,,,,,,,,5.38373857688628,Medium,,,32,Number of Sites,,,,,
BCCWS_PSSS,2025,Greater Vancouver,winter,all years,Scolopacidae, ,1999-2024,1999,2024,-2.61567277587346,-4.81528639822754,-0.197386435408257,Slope Trend,0.0390393243798884,ALPHA SPATIAL iCAR,,-46.6214638836119,,,,,,,,,,,4.61789996281929,Medium,,,49,Number of Sites,,,,,
BCCWS_PSSS,2025,Juan de Fuca,winter,all years,Scolopacidae, ,1999-2024,1999,2024,1.58529800489554,-0.754091439883738,4.243319397352,Slope Trend,0.0409566320845077,ALPHA SPATIAL iCAR,,46.2974250163957,,,,,,,,,,,4.99741083723574,Medium,,,49,Number of Sites,,,,,
BCCWS_PSSS,2025,Strait of Georgia,winter,all years,Scolopacidae, ,1999-2024,1999,2024,-1.23880264673206,-3.54173419977721,0.844139019029823,Slope Trend,0.0362128055899173,ALPHA SPATIAL iCAR,,-25.7188253054069,,,,,,,,,,,4.38587321880704,Medium,,,97,Number of Sites,,,,,
BCCWS_PSSS,2025,BC,winter,all years,Scolopacidae, ,1999-2024,1999,2024,-0.445870784278813,-1.9485006133886,0.988964783151272,Slope Trend,0.0239820597241592,ALPHA SPATIAL iCAR,,-8.73023061078471,,,,,,,,,,,2.93746539653987,High,,,NA,Number of Sites,,,,,
BCCWS_PSSS,2025,Combined Outer Coast,winter,all years,Phalacrocoracidae, ,1999-2024,1999,2024,0.202896828055101,-1.12880555064705,1.70615275867627,Slope Trend,0.022667907708646,ALPHA SPATIAL iCAR,,4.99003330225225,,,,,,,,,,,2.83495830932331,High,,,42,Number of Sites,,,,,
BCCWS_PSSS,2025,Greater Vancouver,winter,all years,Phalacrocoracidae, ,1999-2024,1999,2024,-0.668351045587738,-1.69832762170774,0.401042505672287,Slope Trend,0.0174349131433775,ALPHA SPATIAL iCAR,,-14.8200621343608,,,,,,,,,,,2.09937012738003,High,,,89,Number of Sites,,,,,
BCCWS_PSSS,2025,Juan de Fuca,winter,all years,Phalacrocoracidae, ,1999-2024,1999,2024,-1.33210616800976,-2.47676934700793,-0.207574516878374,Slope Trend,0.0180806863348189,ALPHA SPATIAL iCAR,,-27.3637066249134,,,,,,,,,,,2.26919483012956,High,,,83,Number of Sites,,,,,
BCCWS_PSSS,2025,Strait of Georgia,winter,all years,Phalacrocoracidae, ,1999-2024,1999,2024,-1.32389806788722,-2.48087403295029,-0.348700692413536,Slope Trend,0.0173718852227022,ALPHA SPATIAL iCAR,,-27.2204761607812,,,,,,,,,,,2.13217334053675,High,,,115,Number of Sites,,,,,
BCCWS_PSSS,2025,BC,winter,all years,Phalacrocoracidae, ,1999-2024,1999,2024,-0.86495606472652,-1.41829104872799,-0.258563613008464,Slope Trend,0.00935239893325801,ALPHA SPATIAL iCAR,,-18.6191210407597,,,,,,,,,,,1.15972743571953,High,,,NA,Number of Sites,,,,,
BCCWS_PSSS,2025,Combined Outer Coast,winter,all years,Laridae, ,1999-2024,1999,2024,0.975728318105013,-0.502101057986485,2.52240912096562,Slope Trend,0.0233548344011878,ALPHA SPATIAL iCAR,,26.3865391952323,,,,,,,,,,,3.0245101789521,High,,,48,Number of Sites,,,,,
BCCWS_PSSS,2025,Greater Vancouver,winter,all years,Laridae, ,1999-2024,1999,2024,-1.40953759709311,-2.71164227448449,-0.178079611924742,Slope Trend,0.0199943375481006,ALPHA SPATIAL iCAR,,-28.7010812373719,,,,,,,,,,,2.53356266255975,High,,,97,Number of Sites,,,,,
BCCWS_PSSS,2025,Juan de Fuca,winter,all years,Laridae, ,1999-2024,1999,2024,-0.782980620699814,-1.99236328378572,0.474285560758551,Slope Trend,0.0200975601997073,ALPHA SPATIAL iCAR,,-17.1315146708258,,,,,,,,,,,2.46664884454427,High,,,85,Number of Sites,,,,,
BCCWS_PSSS,2025,Strait of Georgia,winter,all years,Laridae, ,1999-2024,1999,2024,-1.01747547487033,-2.19757260174981,0.157370657847148,Slope Trend,0.019460869498958,ALPHA SPATIAL iCAR,,-21.6664436871348,,,,,,,,,,,2.35494325959696,High,,,121,Number of Sites,,,,,
BCCWS_PSSS,2025,BC,winter,all years,Laridae, ,1999-2024,1999,2024,-1.35270504107776,-2.04788749002611,-0.616534429967637,Slope Trend,0.0115481368474556,ALPHA SPATIAL iCAR,,-27.6086339088374,,,,,,,,,,,1.43135306005847,High,,,NA,Number of Sites,,,,,
BCCWS_PSSS,2025,Combined Outer Coast,winter,all years,Gaviidae, ,1999-2024,1999,2024,2.10374838935715,0.716072997038585,3.50827349861766,Slope Trend,0.0226924187263627,ALPHA SPATIAL iCAR,,65.6819189742776,,,,,,,,,,,2.79220050157908,High,,,45,Number of Sites,,,,,
BCCWS_PSSS,2025,Greater Vancouver,winter,all years,Gaviidae, ,1999-2024,1999,2024,-3.95425308403379,-5.09309587129541,-2.71359400026312,Slope Trend,0.0187485582285002,ALPHA SPATIAL iCAR,,-61.2880071102725,,,,,,,,,,,2.37950187103229,High,,,71,Number of Sites,,,,,
BCCWS_PSSS,2025,Juan de Fuca,winter,all years,Gaviidae, ,1999-2024,1999,2024,-3.46516642417202,-4.69075337563046,-2.33820030186098,Slope Trend,0.0192261950715859,ALPHA SPATIAL iCAR,,-56.4665223093461,,,,,,,,,,,2.35255307376948,High,,,72,Number of Sites,,,,,
BCCWS_PSSS,2025,Strait of Georgia,winter,all years,Gaviidae, ,1999-2024,1999,2024,0.488998443817099,-0.60955074414016,1.64833464413581,Slope Trend,0.0183315257182183,ALPHA SPATIAL iCAR,,12.4523765545311,,,,,,,,,,,2.25788538827597,High,,,116,Number of Sites,,,,,
BCCWS_PSSS,2025,BC,winter,all years,Gaviidae, ,1999-2024,1999,2024,-0.552424149898891,-1.16760142340167,0.132194363222667,Slope Trend,0.0103854107501218,ALPHA SPATIAL iCAR,,-12.1848614059926,,,,,,,,,,,1.29979578662434,High,,,NA,Number of Sites,,,,,
BCCWS_PSSS,2025,Combined Outer Coast,winter,all years,Ardeidae, ,1999-2024,1999,2024,-2.53250524538078,-3.61415386007253,-1.41563862351009,Slope Trend,0.0180477249395015,ALPHA SPATIAL iCAR,,-45.5453128665433,,,,,,,,,,,2.19851523656245,High,,,40,Number of Sites,,,,,
BCCWS_PSSS,2025,Greater Vancouver,winter,all years,Ardeidae, ,1999-2024,1999,2024,0.0501164611837803,-0.878206505302187,0.961017903339673,Slope Trend,0.0150896575663162,ALPHA SPATIAL iCAR,,1.21005773742573,,,,,,,,,,,1.83922440864186,High,,,92,Number of Sites,,,,,
BCCWS_PSSS,2025,Juan de Fuca,winter,all years,Ardeidae, ,1999-2024,1999,2024,-0.367266424396102,-1.32793803432762,0.560427244589225,Slope Trend,0.0156162406477847,ALPHA SPATIAL iCAR,,-8.43709301095777,,,,,,,,,,,1.88836527891685,High,,,79,Number of Sites,,,,,
BCCWS_PSSS,2025,Strait of Georgia,winter,all years,Ardeidae, ,1999-2024,1999,2024,-1.12744450142525,-2.05210857113271,-0.234232441092862,Slope Trend,0.0146042395757558,ALPHA SPATIAL iCAR,,-23.7068234056441,,,,,,,,,,,1.81787613003985,High,,,114,Number of Sites,,,,,
BCCWS_PSSS,2025,BC,winter,all years,Ardeidae, ,1999-2024,1999,2024,-1.36559261393211,-1.93653652738469,-0.795061321385714,Slope Trend,0.00936342123346119,ALPHA SPATIAL iCAR,,-27.9287032433488,,,,,,,,,,,1.14147520599898,High,,,NA,Number of Sites,,,,,
BCCWS_PSSS,2025,Combined Outer Coast,winter,all years,Podicipedidae, ,1999-2024,1999,2024,3.11627069828366,1.57247172962972,4.66744193464178,Slope Trend,0.0249061705745627,ALPHA SPATIAL iCAR,,111.256947564583,,,,,,,,,,,3.09497020501206,High,,,42,Number of Sites,,,,,
BCCWS_PSSS,2025,Greater Vancouver,winter,all years,Podicipedidae, ,1999-2024,1999,2024,-1.65872583520188,-2.87316542263975,-0.437851412254313,Slope Trend,0.0200479929807604,ALPHA SPATIAL iCAR,,-32.8401240222226,,,,,,,,,,,2.43531401038543,High,,,71,Number of Sites,,,,,
BCCWS_PSSS,2025,Juan de Fuca,winter,all years,Podicipedidae, ,1999-2024,1999,2024,2.8430516986426,1.52196878554419,4.18027058267592,Slope Trend,0.0215520594472882,ALPHA SPATIAL iCAR,,97.8486993049153,,,,,,,,,,,2.65830179713173,High,,,73,Number of Sites,,,,,
BCCWS_PSSS,2025,Strait of Georgia,winter,all years,Podicipedidae, ,1999-2024,1999,2024,0.97076685542969,-0.276929047932402,2.26782808145638,Slope Trend,0.0203040772898459,ALPHA SPATIAL iCAR,,26.2361338574089,,,,,,,,,,,2.54475712938878,High,,,119,Number of Sites,,,,,
BCCWS_PSSS,2025,BC,winter,all years,Podicipedidae, ,1999-2024,1999,2024,1.35096945139617,0.602862331969936,2.0387079820795,Slope Trend,0.0115708526432696,ALPHA SPATIAL iCAR,,38.4932077690969,,,,,,,,,,,1.43584565010957,High,,,NA,Number of Sites,,,,,
BCCWS_PSSS,2025,Combined Outer Coast,winter,all years,Alcidae, ,1999-2024,1999,2024,2.3970712208157,-0.0479606131444013,4.89463760289771,Slope Trend,0.0411506017036992,ALPHA SPATIAL iCAR,,77.7658578382461,,,,,,,,,,,4.94259821604211,Medium,,,34,Number of Sites,,,,,
BCCWS_PSSS,2025,Greater Vancouver,winter,all years,Alcidae, ,1999-2024,1999,2024,-2.07434608419474,-4.53014321159438,0.411992520017792,Slope Trend,0.0406598769556886,ALPHA SPATIAL iCAR,,-39.215967824827,,,,,,,,,,,4.94213573161217,Medium,,,35,Number of Sites,,,,,
BCCWS_PSSS,2025,Juan de Fuca,winter,all years,Alcidae, ,1999-2024,1999,2024,0.755875314153592,-1.2804700770538,2.88599214661996,Slope Trend,0.0337922062775934,ALPHA SPATIAL iCAR,,19.8906720651074,,,,,,,,,,,4.16646222367376,Medium,,,71,Number of Sites,,,,,
BCCWS_PSSS,2025,Strait of Georgia,winter,all years,Alcidae, ,1999-2024,1999,2024,0.876340296689112,-1.40990430274661,2.96731801703913,Slope Trend,0.035130382430208,ALPHA SPATIAL iCAR,,23.4074962497986,,,,,,,,,,,4.37722231978574,Medium,,,88,Number of Sites,,,,,
BCCWS_PSSS,2025,BC,winter,all years,Alcidae, ,1999-2024,1999,2024,0.18193616064334,-1.19384279603689,1.56468104850631,Slope Trend,0.0221193573515777,ALPHA SPATIAL iCAR,,5.8743312131172,,,,,,,,,,,2.7585238445432,High,,,NA,Number of Sites,,,,,
BCCWS_PSSS,2025,Combined Outer Coast,winter,all years,Charadriidae, ,1999-2024,1999,2024,2.55942974504261,-0.227537209106132,5.6845676181888,Slope Trend,0.0488043320921796,ALPHA SPATIAL iCAR,,84.8294161421244,,,,,,,,,,,5.91210482729493,Medium,,,24,Number of Sites,,,,,
BCCWS_PSSS,2025,Greater Vancouver,winter,all years,Charadriidae, ,1999-2024,1999,2024,-0.869963341945962,-3.50143957513481,1.74035697699567,Slope Trend,0.0426208072379156,ALPHA SPATIAL iCAR,,-18.8435329020307,,,,,,,,,,,5.24179655213048,Medium,,,45,Number of Sites,,,,,
BCCWS_PSSS,2025,Juan de Fuca,winter,all years,Charadriidae, ,1999-2024,1999,2024,3.68190907127345,0.686880259595673,6.34361999495718,Slope Trend,0.0448749420284372,ALPHA SPATIAL iCAR,,141.973535585903,,,,,,,,,,,5.65673973536151,Medium,,,41,Number of Sites,,,,,
BCCWS_PSSS,2025,Strait of Georgia,winter,all years,Charadriidae, ,1999-2024,1999,2024,-0.41252357627253,-2.93414727011089,2.14992768791715,Slope Trend,0.0406010173109475,ALPHA SPATIAL iCAR,,-9.42624169308145,,,,,,,,,,,5.08407495802804,Medium,,,84,Number of Sites,,,,,
BCCWS_PSSS,2025,BC,winter,all years,Charadriidae, ,1999-2024,1999,2024,1.68278093034883,0.000957325579961644,3.3950309938303,Slope Trend,0.0272718691202179,ALPHA SPATIAL iCAR,,52.2707678350185,,,,,,,,,,,3.39407366825033,High,,,NA,Number of Sites,,,,,
BCCWS_PSSS,2025,Combined Outer Coast,winter,all years,Haematopodidae, ,1999-2024,1999,2024,11.731165345428,7.9786050995687,15.6293052134683,Slope Trend,0.0605415499497867,ALPHA SPATIAL iCAR,,1570.11851321661,,,,,,,,,,,7.65070011389964,Low,,,14,Number of Sites,,,,,
BCCWS_PSSS,2025,Greater Vancouver,winter,all years,Haematopodidae, ,1999-2024,1999,2024,3.35979875321877,0.905793591074044,5.7981291953544,Slope Trend,0.038837742029089,ALPHA SPATIAL iCAR,,123.972188745474,,,,,,,,,,,4.89233560428036,Medium,,,30,Number of Sites,,,,,
BCCWS_PSSS,2025,Juan de Fuca,winter,all years,Haematopodidae, ,1999-2024,1999,2024,3.50034940647684,1.16176255088977,5.68159976206472,Slope Trend,0.0373349547629103,ALPHA SPATIAL iCAR,,131.656122979563,,,,,,,,,,,4.51983721117495,Medium,,,62,Number of Sites,,,,,
BCCWS_PSSS,2025,Strait of Georgia,winter,all years,Haematopodidae, ,1999-2024,1999,2024,3.70469877134767,1.39225712121785,5.85047722094069,Slope Trend,0.0360193071873785,ALPHA SPATIAL iCAR,,143.300642634505,,,,,,,,,,,4.45822009972284,Medium,,,95,Number of Sites,,,,,
BCCWS_PSSS,2025,BC,winter,all years,Haematopodidae, ,1999-2024,1999,2024,4.63607398443524,3.24185037966449,6.11929994326146,Slope Trend,0.0234621999820613,ALPHA SPATIAL iCAR,,200.911033250175,,,,,,,,,,,2.87744956359697,High,,,NA,Number of Sites,,,,,
BCCWS_PSSS,2025,Combined Outer Coast,winter,all years,Rallidae, ,1999-2024,1999,2024,-3.51801558055763,-9.0264386490437,1.50851043734807,Slope Trend,0.0863639764995974,ALPHA SPATIAL iCAR,,-57.0152050797485,,,,,,,,,,,10.5349490863918,Low,,,5,Number of Sites,,,,,
BCCWS_PSSS,2025,Greater Vancouver,winter,all years,Rallidae, ,1999-2024,1999,2024,-1.7665167501933,-6.96087455795688,3.45873474756684,Slope Trend,0.0833859680080243,ALPHA SPATIAL iCAR,,-34.5552571526631,,,,,,,,,,,10.4196093055237,Low,,,30,Number of Sites,,,,,
BCCWS_PSSS,2025,Juan de Fuca,winter,all years,Rallidae, ,1999-2024,1999,2024,-0.840118100856684,-5.86146522553404,5.18637764943982,Slope Trend,0.0890104451632935,ALPHA SPATIAL iCAR,,-18.2601337554374,,,,,,,,,,,11.0478428749739,Low,,,5,Number of Sites,,,,,
BCCWS_PSSS,2025,Strait of Georgia,winter,all years,Rallidae, ,1999-2024,1999,2024,-2.63443237292933,-7.75702896066581,2.1983566305977,Slope Trend,0.0799814255989518,ALPHA SPATIAL iCAR,,-46.8612500425061,,,,,,,,,,,9.95538559126351,Low,,,8,Number of Sites,,,,,
BCCWS_PSSS,2025,BC,winter,all years,Rallidae, ,1999-2024,1999,2024,-3.31783808462722,-7.20652847683586,0.483470265544721,Slope Trend,0.060782866734154,ALPHA SPATIAL iCAR,,-50.4921256793377,,,,,,,,,,,7.68999874238058,Low,,,NA,Number of Sites,,,,,
